home_id,timestamp,solar_generation_kw,battery_level_pct,grid_demand_kw,grid_draw_kw
1,2025-05-06 04:00:00,0.0,61.32,0.63,0.0
1,2025-05-06 05:00:00,0.0,52.78,1.15,0.0
1,2025-05-06 06:00:00,0.0,30.33,3.03,0.0
1,2025-05-06 07:00:00,1.94,17.58,3.66,0.0
1,2025-05-06 08:00:00,4.17,17.58,4.08,0.0
1,2025-05-06 09:00:00,6.21,17.58,3.36,0.0
1,2025-05-06 10:00:00,7.31,17.58,2.2,0.0
1,2025-05-06 11:00:00,7.61,17.58,1.08,0.0
1,2025-05-06 12:00:00,7.85,17.58,2.27,0.0
1,2025-05-06 13:00:00,7.85,17.58,1.44,0.0
1,2025-05-06 14:00:00,6.44,17.58,1.4,0.0
1,2025-05-06 15:00:00,5.24,17.58,1.19,0.0
1,2025-05-06 16:00:00,3.68,17.58,1.87,0.0
1,2025-05-06 17:00:00,1.25,15.95,1.47,0.0
1,2025-05-06 18:00:00,0.0,0.0,5.33,3.17
1,2025-05-06 19:00:00,0.0,0.0,3.51,3.51
1,2025-05-06 20:00:00,0.0,0.0,3.72,3.72
1,2025-05-06 21:00:00,0.0,0.0,3.93,3.93
1,2025-05-06 22:00:00,0.0,0.0,5.5,5.5
1,2025-05-06 23:00:00,0.0,0.0,1.74,1.74
1,2025-05-07 00:00:00,0.0,0.0,0.46,0.46
1,2025-05-07 01:00:00,0.0,0.0,0.53,0.53
1,2025-05-07 02:00:00,0.0,0.0,0.93,0.93
1,2025-05-07 03:00:00,0.0,0.0,0.44,0.44
1,2025-05-07 04:00:00,0.0,0.0,0.72,0.72
1,2025-05-07 05:00:00,0.0,0.0,0.54,0.54
1,2025-05-07 06:00:00,0.0,0.0,5.8,5.8
1,2025-05-07 07:00:00,3.26,0.0,4.29,1.03
1,2025-05-07 08:00:00,4.3,0.0,4.31,0.0
1,2025-05-07 09:00:00,5.7,0.0,4.75,0.0
1,2025-05-07 10:00:00,7.29,0.0,1.01,0.0
1,2025-05-07 11:00:00,7.57,0.0,1.26,0.0
1,2025-05-07 12:00:00,7.69,0.0,1.43,0.0
1,2025-05-07 13:00:00,7.43,0.0,2.8,0.0
1,2025-05-07 14:00:00,7.58,0.0,1.06,0.0
1,2025-05-07 15:00:00,5.7,0.0,2.95,0.0
1,2025-05-07 16:00:00,3.27,0.0,2.69,0.0
1,2025-05-07 17:00:00,2.91,0.0,1.85,0.0
1,2025-05-07 18:00:00,0.0,0.0,4.34,4.34
1,2025-05-07 19:00:00,0.0,0.0,3.3,3.3
1,2025-05-07 20:00:00,0.0,0.0,4.75,4.75
1,2025-05-07 21:00:00,0.0,0.0,5.52,5.52
1,2025-05-07 22:00:00,0.0,0.0,3.43,3.43
1,2025-05-07 23:00:00,0.0,0.0,0.63,0.63
1,2025-05-08 00:00:00,0.0,0.0,1.81,1.81
1,2025-05-08 01:00:00,0.0,0.0,0.41,0.41
1,2025-05-08 02:00:00,0.0,0.0,0.6,0.6
1,2025-05-08 03:00:00,0.0,0.0,1.18,1.18
1,2025-05-08 04:00:00,0.0,0.0,0.78,0.78
1,2025-05-08 05:00:00,0.0,0.0,1.88,1.88
1,2025-05-08 06:00:00,0.0,0.0,5.47,5.47
1,2025-05-08 07:00:00,2.03,0.0,4.87,2.83
1,2025-05-08 08:00:00,4.51,0.0,5.42,0.91
1,2025-05-08 09:00:00,5.57,0.0,5.68,0.11
1,2025-05-08 10:00:00,7.4,0.0,1.92,0.0
1,2025-05-08 11:00:00,7.47,0.0,1.51,0.0
1,2025-05-08 12:00:00,8.26,0.0,2.54,0.0
1,2025-05-08 13:00:00,7.63,0.0,2.24,0.0
1,2025-05-08 14:00:00,5.77,0.0,1.01,0.0
1,2025-05-08 15:00:00,6.17,0.0,1.82,0.0
1,2025-05-08 16:00:00,3.7,0.0,1.08,0.0
1,2025-05-08 17:00:00,2.35,0.0,1.59,0.0
1,2025-05-08 18:00:00,0.0,0.0,3.42,3.42
1,2025-05-08 19:00:00,0.0,0.0,5.5,5.5
1,2025-05-08 20:00:00,0.0,0.0,4.38,4.38
1,2025-05-08 21:00:00,0.0,0.0,3.05,3.05
1,2025-05-08 22:00:00,0.0,0.0,4.93,4.93
1,2025-05-08 23:00:00,0.0,0.0,0.43,0.43
1,2025-05-09 00:00:00,0.0,0.0,1.38,1.38
1,2025-05-09 01:00:00,0.0,0.0,1.34,1.34
1,2025-05-09 02:00:00,0.0,0.0,1.61,1.61
1,2025-05-09 03:00:00,0.0,0.0,1.0,1.0
1,2025-05-09 04:00:00,0.0,0.0,1.2,1.2
1,2025-05-09 05:00:00,0.0,0.0,1.23,1.23
1,2025-05-09 06:00:00,0.0,0.0,5.5,5.5
1,2025-05-09 07:00:00,2.24,0.0,5.71,3.47
1,2025-05-09 08:00:00,4.79,0.0,3.72,0.0
1,2025-05-09 09:00:00,5.15,0.0,4.95,0.0
1,2025-05-09 10:00:00,7.0,0.0,1.98,0.0
1,2025-05-09 11:00:00,8.09,0.0,2.04,0.0
1,2025-05-09 12:00:00,8.27,0.0,1.62,0.0
1,2025-05-09 13:00:00,8.3,0.0,1.78,0.0
1,2025-05-09 14:00:00,6.84,0.0,2.78,0.0
1,2025-05-09 15:00:00,5.24,0.0,2.67,0.0
1,2025-05-09 16:00:00,4.33,0.0,1.1,0.0
1,2025-05-09 17:00:00,1.61,0.0,1.61,0.0
1,2025-05-09 18:00:00,0.0,0.0,5.88,5.88
1,2025-05-09 19:00:00,0.0,0.0,4.67,4.67
1,2025-05-09 20:00:00,0.0,0.0,4.48,4.48
1,2025-05-09 21:00:00,0.0,0.0,5.68,5.68
1,2025-05-09 22:00:00,0.0,0.0,3.11,3.11
1,2025-05-09 23:00:00,0.0,0.0,0.61,0.61
1,2025-05-10 00:00:00,0.0,0.0,1.73,1.73
1,2025-05-10 01:00:00,0.0,0.0,0.69,0.69
1,2025-05-10 02:00:00,0.0,0.0,1.2,1.2
1,2025-05-10 03:00:00,0.0,0.0,1.34,1.34
1,2025-05-10 04:00:00,0.0,0.0,1.84,1.84
1,2025-05-10 05:00:00,0.0,0.0,1.2,1.2
1,2025-05-10 06:00:00,0.0,0.0,5.74,5.74
1,2025-05-10 07:00:00,1.47,0.0,3.61,2.14
1,2025-05-10 08:00:00,4.34,0.0,3.84,0.0
1,2025-05-10 09:00:00,5.99,0.0,5.14,0.0
1,2025-05-10 10:00:00,7.17,0.0,2.15,0.0
1,2025-05-10 11:00:00,7.99,0.0,2.34,0.0
1,2025-05-10 12:00:00,8.32,0.0,2.74,0.0
1,2025-05-10 13:00:00,8.62,0.0,1.56,0.0
1,2025-05-10 14:00:00,7.02,0.0,1.6,0.0
1,2025-05-10 15:00:00,6.3,0.0,1.58,0.0
1,2025-05-10 16:00:00,4.35,0.0,2.82,0.0
1,2025-05-10 17:00:00,2.05,0.0,1.61,0.0
1,2025-05-10 18:00:00,0.0,0.0,3.69,3.69
1,2025-05-10 19:00:00,0.0,0.0,5.18,5.18
1,2025-05-10 20:00:00,0.0,0.0,5.27,5.27
1,2025-05-10 21:00:00,0.0,0.0,4.03,4.03
1,2025-05-10 22:00:00,0.0,0.0,3.82,3.82
1,2025-05-10 23:00:00,0.0,0.0,1.92,1.92
1,2025-05-11 00:00:00,0.0,0.0,1.92,1.92
1,2025-05-11 01:00:00,0.0,0.0,1.05,1.05
1,2025-05-11 02:00:00,0.0,0.0,1.95,1.95
1,2025-05-11 03:00:00,0.0,0.0,1.78,1.78
1,2025-05-11 04:00:00,0.0,0.0,1.88,1.88
1,2025-05-11 05:00:00,0.0,0.0,1.84,1.84
1,2025-05-11 06:00:00,0.0,0.0,4.75,4.75
1,2025-05-11 07:00:00,2.1,0.0,3.86,1.76
1,2025-05-11 08:00:00,4.14,0.0,4.85,0.71
1,2025-05-11 09:00:00,4.97,0.0,4.43,0.0
1,2025-05-11 10:00:00,6.52,0.0,1.93,0.0
1,2025-05-11 11:00:00,7.67,0.0,1.51,0.0
1,2025-05-11 12:00:00,8.67,0.0,1.8,0.0
1,2025-05-11 13:00:00,7.61,0.0,1.62,0.0
1,2025-05-11 14:00:00,7.66,0.0,1.44,0.0
1,2025-05-11 15:00:00,5.96,0.0,2.53,0.0
1,2025-05-11 16:00:00,4.74,0.0,2.36,0.0
1,2025-05-11 17:00:00,1.61,0.0,1.79,0.18
1,2025-05-11 18:00:00,0.62,0.0,4.73,4.12
1,2025-05-11 19:00:00,0.0,0.0,4.52,4.52
1,2025-05-11 20:00:00,0.0,0.0,5.7,5.7
1,2025-05-11 21:00:00,0.0,0.0,4.41,4.41
1,2025-05-11 22:00:00,0.0,0.0,5.22,5.22
1,2025-05-11 23:00:00,0.0,0.0,1.3,1.3
1,2025-05-12 00:00:00,0.0,0.0,0.92,0.92
1,2025-05-12 01:00:00,0.0,0.0,1.56,1.56
1,2025-05-12 02:00:00,0.0,0.0,1.47,1.47
1,2025-05-12 03:00:00,0.0,0.0,1.02,1.02
1,2025-05-12 04:00:00,0.0,0.0,1.59,1.59
1,2025-05-12 05:00:00,0.0,0.0,1.33,1.33
1,2025-05-12 06:00:00,0.0,0.0,3.22,3.22
1,2025-05-12 07:00:00,1.87,0.0,5.64,3.77
1,2025-05-12 08:00:00,4.33,0.0,4.2,0.0
1,2025-05-12 09:00:00,6.11,0.0,3.44,0.0
1,2025-05-12 10:00:00,6.75,0.0,1.94,0.0
1,2025-05-12 11:00:00,7.26,0.0,1.79,0.0
1,2025-05-12 12:00:00,8.34,0.0,1.31,0.0
1,2025-05-12 13:00:00,6.93,0.0,1.37,0.0
1,2025-05-12 14:00:00,7.16,0.0,1.63,0.0
1,2025-05-12 15:00:00,5.22,0.0,1.85,0.0
1,2025-05-12 16:00:00,4.37,0.0,2.86,0.0
1,2025-05-12 17:00:00,2.84,0.0,0.94,0.0
1,2025-05-12 18:00:00,0.0,0.0,3.86,3.86
1,2025-05-12 19:00:00,0.0,0.0,4.17,4.17
1,2025-05-12 20:00:00,0.0,0.0,5.62,5.62
1,2025-05-12 21:00:00,0.0,0.0,4.9,4.9
1,2025-05-12 22:00:00,0.0,0.0,5.91,5.91
1,2025-05-12 23:00:00,0.0,0.0,0.41,0.41
1,2025-05-13 00:00:00,0.0,0.0,0.71,0.71
1,2025-05-13 01:00:00,0.0,0.0,0.42,0.42
1,2025-05-13 02:00:00,0.0,0.0,0.93,0.93
1,2025-05-13 03:00:00,0.0,0.0,1.56,1.56
2,2025-05-06 04:00:00,0.0,11.31,1.58,0.0
2,2025-05-06 05:00:00,0.0,0.0,1.99,0.46
2,2025-05-06 06:00:00,0.13,0.0,3.58,3.46
2,2025-05-06 07:00:00,1.98,0.0,4.0,2.02
2,2025-05-06 08:00:00,3.74,0.0,4.73,0.99
2,2025-05-06 09:00:00,6.88,0.0,4.03,0.0
2,2025-05-06 10:00:00,7.41,0.0,1.14,0.0
2,2025-05-06 11:00:00,7.33,0.0,2.93,0.0
2,2025-05-06 12:00:00,7.51,0.0,1.02,0.0
2,2025-05-06 13:00:00,6.85,0.0,2.57,0.0
2,2025-05-06 14:00:00,6.7,0.0,1.18,0.0
2,2025-05-06 15:00:00,6.07,0.0,1.61,0.0
2,2025-05-06 16:00:00,3.75,0.0,1.66,0.0
2,2025-05-06 17:00:00,2.03,0.0,1.61,0.0
2,2025-05-06 18:00:00,0.0,0.0,3.42,3.42
2,2025-05-06 19:00:00,0.0,0.0,5.43,5.43
2,2025-05-06 20:00:00,0.0,0.0,3.62,3.62
2,2025-05-06 21:00:00,0.0,0.0,4.43,4.43
2,2025-05-06 22:00:00,0.0,0.0,4.19,4.19
2,2025-05-06 23:00:00,0.0,0.0,1.38,1.38
2,2025-05-07 00:00:00,0.0,0.0,1.77,1.77
2,2025-05-07 01:00:00,0.0,0.0,1.73,1.73
2,2025-05-07 02:00:00,0.0,0.0,0.71,0.71
2,2025-05-07 03:00:00,0.0,0.0,0.3,0.3
2,2025-05-07 04:00:00,0.0,0.0,0.9,0.9
2,2025-05-07 05:00:00,0.0,0.0,1.02,1.02
2,2025-05-07 06:00:00,0.4,0.0,4.55,4.15
2,2025-05-07 07:00:00,1.23,0.0,4.28,3.05
2,2025-05-07 08:00:00,4.64,0.0,5.64,1.0
2,2025-05-07 09:00:00,5.45,0.0,4.02,0.0
2,2025-05-07 10:00:00,6.98,0.0,2.46,0.0
2,2025-05-07 11:00:00,7.98,0.0,1.67,0.0
2,2025-05-07 12:00:00,7.99,0.0,2.68,0.0
2,2025-05-07 13:00:00,6.78,0.0,2.3,0.0
2,2025-05-07 14:00:00,6.76,0.0,1.26,0.0
2,2025-05-07 15:00:00,5.46,0.0,2.0,0.0
2,2025-05-07 16:00:00,4.05,0.0,2.06,0.0
2,2025-05-07 17:00:00,1.81,0.0,1.74,0.0
2,2025-05-07 18:00:00,0.64,0.0,4.08,3.44
2,2025-05-07 19:00:00,0.0,0.0,3.29,3.29
2,2025-05-07 20:00:00,0.0,0.0,4.85,4.85
2,2025-05-07 21:00:00,0.0,0.0,5.23,5.23
2,2025-05-07 22:00:00,0.0,0.0,5.49,5.49
2,2025-05-07 23:00:00,0.0,0.0,0.34,0.34
2,2025-05-08 00:00:00,0.0,0.0,1.35,1.35
2,2025-05-08 01:00:00,0.0,0.0,0.97,0.97
2,2025-05-08 02:00:00,0.0,0.0,0.71,0.71
2,2025-05-08 03:00:00,0.0,0.0,1.8,1.8
2,2025-05-08 04:00:00,0.0,0.0,0.82,0.82
2,2025-05-08 05:00:00,0.0,0.0,1.71,1.71
2,2025-05-08 06:00:00,0.0,0.0,3.54,3.54
2,2025-05-08 07:00:00,1.6,0.0,3.4,1.8
2,2025-05-08 08:00:00,4.1,0.0,5.84,1.74
2,2025-05-08 09:00:00,5.75,0.0,4.69,0.0
2,2025-05-08 10:00:00,7.05,0.0,2.85,0.0
2,2025-05-08 11:00:00,7.45,0.0,2.76,0.0
2,2025-05-08 12:00:00,9.17,0.0,2.55,0.0
2,2025-05-08 13:00:00,8.35,0.0,1.06,0.0
2,2025-05-08 14:00:00,6.97,0.0,1.67,0.0
2,2025-05-08 15:00:00,5.47,0.0,1.71,0.0
2,2025-05-08 16:00:00,3.4,0.0,2.16,0.0
2,2025-05-08 17:00:00,2.38,0.0,1.41,0.0
2,2025-05-08 18:00:00,0.0,0.0,4.49,4.49
2,2025-05-08 19:00:00,0.0,0.0,4.92,4.92
2,2025-05-08 20:00:00,0.0,0.0,3.2,3.2
2,2025-05-08 21:00:00,0.0,0.0,5.23,5.23
2,2025-05-08 22:00:00,0.0,0.0,5.04,5.04
2,2025-05-08 23:00:00,0.0,0.0,1.52,1.52
2,2025-05-09 00:00:00,0.0,0.0,0.99,0.99
2,2025-05-09 01:00:00,0.0,0.0,0.53,0.53
2,2025-05-09 02:00:00,0.0,0.0,1.59,1.59
2,2025-05-09 03:00:00,0.0,0.0,0.99,0.99
2,2025-05-09 04:00:00,0.0,0.0,0.31,0.31
2,2025-05-09 05:00:00,0.0,0.0,1.96,1.96
2,2025-05-09 06:00:00,0.0,0.0,3.92,3.92
2,2025-05-09 07:00:00,2.09,0.0,4.32,2.23
2,2025-05-09 08:00:00,3.96,0.0,3.27,0.0
2,2025-05-09 09:00:00,5.48,0.0,4.81,0.0
2,2025-05-09 10:00:00,7.69,0.0,1.1,0.0
2,2025-05-09 11:00:00,8.28,0.0,2.05,0.0
2,2025-05-09 12:00:00,8.08,0.0,1.98,0.0
2,2025-05-09 13:00:00,8.54,0.0,1.48,0.0
2,2025-05-09 14:00:00,8.32,0.0,1.07,0.0
2,2025-05-09 15:00:00,6.16,0.0,2.15,0.0
2,2025-05-09 16:00:00,3.23,0.0,1.84,0.0
2,2025-05-09 17:00:00,2.3,0.0,1.99,0.0
2,2025-05-09 18:00:00,0.0,0.0,3.02,3.02
2,2025-05-09 19:00:00,0.0,0.0,5.43,5.43
2,2025-05-09 20:00:00,0.0,0.0,5.74,5.74
2,2025-05-09 21:00:00,0.0,0.0,4.25,4.25
2,2025-05-09 22:00:00,0.0,0.0,5.38,5.38
2,2025-05-09 23:00:00,0.0,0.0,0.86,0.86
2,2025-05-10 00:00:00,0.0,0.0,1.13,1.13
2,2025-05-10 01:00:00,0.0,0.0,1.02,1.02
2,2025-05-10 02:00:00,0.0,0.0,0.98,0.98
2,2025-05-10 03:00:00,0.0,0.0,1.13,1.13
2,2025-05-10 04:00:00,0.0,0.0,0.59,0.59
2,2025-05-10 05:00:00,0.0,0.0,0.87,0.87
2,2025-05-10 06:00:00,0.24,0.0,3.79,3.55
2,2025-05-10 07:00:00,2.57,0.0,5.38,2.81
2,2025-05-10 08:00:00,3.57,0.0,4.74,1.17
2,2025-05-10 09:00:00,6.03,0.0,4.68,0.0
2,2025-05-10 10:00:00,5.76,0.0,1.18,0.0
2,2025-05-10 11:00:00,7.04,0.0,1.17,0.0
2,2025-05-10 12:00:00,8.95,0.0,2.46,0.0
2,2025-05-10 13:00:00,7.5,0.0,2.66,0.0
2,2025-05-10 14:00:00,6.86,0.0,1.73,0.0
2,2025-05-10 15:00:00,5.15,0.0,2.19,0.0
2,2025-05-10 16:00:00,3.68,0.0,1.5,0.0
2,2025-05-10 17:00:00,1.78,0.0,0.81,0.0
2,2025-05-10 18:00:00,0.02,0.0,3.55,3.53
2,2025-05-10 19:00:00,0.0,0.0,4.88,4.88
2,2025-05-10 20:00:00,0.0,0.0,4.02,4.02
2,2025-05-10 21:00:00,0.0,0.0,5.74,5.74
2,2025-05-10 22:00:00,0.0,0.0,4.44,4.44
2,2025-05-10 23:00:00,0.0,0.0,0.95,0.95
2,2025-05-11 00:00:00,0.0,0.0,1.39,1.39
2,2025-05-11 01:00:00,0.0,0.0,1.51,1.51
2,2025-05-11 02:00:00,0.0,0.0,1.98,1.98
2,2025-05-11 03:00:00,0.0,0.0,1.24,1.24
2,2025-05-11 04:00:00,0.0,0.0,1.43,1.43
2,2025-05-11 05:00:00,0.0,0.0,1.29,1.29
2,2025-05-11 06:00:00,0.12,0.0,3.13,3.01
2,2025-05-11 07:00:00,1.84,0.0,4.28,2.45
2,2025-05-11 08:00:00,4.25,0.0,5.16,0.91
2,2025-05-11 09:00:00,5.51,0.0,3.55,0.0
2,2025-05-11 10:00:00,6.18,0.0,2.02,0.0
2,2025-05-11 11:00:00,8.06,0.0,1.81,0.0
2,2025-05-11 12:00:00,7.63,0.0,1.12,0.0
2,2025-05-11 13:00:00,8.05,0.0,2.9,0.0
2,2025-05-11 14:00:00,6.1,0.0,1.92,0.0
2,2025-05-11 15:00:00,5.42,0.0,1.82,0.0
2,2025-05-11 16:00:00,3.6,0.0,1.6,0.0
2,2025-05-11 17:00:00,2.03,0.0,1.41,0.0
2,2025-05-11 18:00:00,0.08,0.0,4.88,4.8
2,2025-05-11 19:00:00,0.0,0.0,3.05,3.05
2,2025-05-11 20:00:00,0.0,0.0,3.99,3.99
2,2025-05-11 21:00:00,0.0,0.0,3.09,3.09
2,2025-05-11 22:00:00,0.0,0.0,5.52,5.52
2,2025-05-11 23:00:00,0.0,0.0,1.58,1.58
2,2025-05-12 00:00:00,0.0,0.0,0.85,0.85
2,2025-05-12 01:00:00,0.0,0.0,1.26,1.26
2,2025-05-12 02:00:00,0.0,0.0,1.48,1.48
2,2025-05-12 03:00:00,0.0,0.0,0.81,0.81
2,2025-05-12 04:00:00,0.0,0.0,0.98,0.98
2,2025-05-12 05:00:00,0.0,0.0,0.54,0.54
2,2025-05-12 06:00:00,0.27,0.0,3.12,2.84
2,2025-05-12 07:00:00,1.31,0.0,4.11,2.8
2,2025-05-12 08:00:00,4.51,0.0,4.95,0.44
2,2025-05-12 09:00:00,6.2,0.0,5.42,0.0
2,2025-05-12 10:00:00,8.17,0.0,2.8,0.0
2,2025-05-12 11:00:00,7.25,0.0,2.94,0.0
2,2025-05-12 12:00:00,8.13,0.0,2.97,0.0
2,2025-05-12 13:00:00,8.26,0.0,1.92,0.0
2,2025-05-12 14:00:00,7.57,0.0,2.11,0.0
2,2025-05-12 15:00:00,5.51,0.0,2.94,0.0
2,2025-05-12 16:00:00,4.46,0.0,2.38,0.0
2,2025-05-12 17:00:00,1.53,0.0,1.16,0.0
2,2025-05-12 18:00:00,0.0,0.0,5.59,5.59
2,2025-05-12 19:00:00,0.0,0.0,3.97,3.97
2,2025-05-12 20:00:00,0.0,0.0,4.53,4.53
2,2025-05-12 21:00:00,0.0,0.0,3.32,3.32
2,2025-05-12 22:00:00,0.0,0.0,3.47,3.47
2,2025-05-12 23:00:00,0.0,0.0,0.31,0.31
2,2025-05-13 00:00:00,0.0,0.0,0.57,0.57
2,2025-05-13 01:00:00,0.0,0.0,1.99,1.99
2,2025-05-13 02:00:00,0.0,0.0,1.85,1.85
2,2025-05-13 03:00:00,0.0,0.0,1.21,1.21
3,2025-05-06 04:00:00,0.0,65.34,1.44,0.0
3,2025-05-06 05:00:00,0.0,61.59,0.51,0.0
3,2025-05-06 06:00:00,0.73,24.7,5.71,0.0
3,2025-05-06 07:00:00,2.66,15.3,3.93,0.0
3,2025-05-06 08:00:00,3.58,0.0,5.89,0.24
3,2025-05-06 09:00:00,6.06,0.0,3.17,0.0
3,2025-05-06 10:00:00,6.53,0.0,2.46,0.0
3,2025-05-06 11:00:00,7.34,0.0,2.45,0.0
3,2025-05-06 12:00:00,7.88,0.0,1.25,0.0
3,2025-05-06 13:00:00,8.35,0.0,2.58,0.0
3,2025-05-06 14:00:00,7.6,0.0,2.7,0.0
3,2025-05-06 15:00:00,5.98,0.0,1.88,0.0
3,2025-05-06 16:00:00,4.17,0.0,2.97,0.0
3,2025-05-06 17:00:00,2.12,0.0,0.8,0.0
3,2025-05-06 18:00:00,0.68,0.0,4.35,3.67
3,2025-05-06 19:00:00,0.0,0.0,4.37,4.37
3,2025-05-06 20:00:00,0.0,0.0,4.15,4.15
3,2025-05-06 21:00:00,0.0,0.0,5.91,5.91
3,2025-05-06 22:00:00,0.0,0.0,4.3,4.3
3,2025-05-06 23:00:00,0.0,0.0,1.69,1.69
3,2025-05-07 00:00:00,0.0,0.0,1.41,1.41
3,2025-05-07 01:00:00,0.0,0.0,1.88,1.88
3,2025-05-07 02:00:00,0.0,0.0,0.4,0.4
3,2025-05-07 03:00:00,0.0,0.0,0.96,0.96
3,2025-05-07 04:00:00,0.0,0.0,1.96,1.96
3,2025-05-07 05:00:00,0.0,0.0,1.22,1.22
3,2025-05-07 06:00:00,0.25,0.0,3.5,3.25
3,2025-05-07 07:00:00,1.96,0.0,4.53,2.57
3,2025-05-07 08:00:00,3.88,0.0,3.04,0.0
3,2025-05-07 09:00:00,5.24,0.0,3.24,0.0
3,2025-05-07 10:00:00,7.06,0.0,2.24,0.0
3,2025-05-07 11:00:00,7.49,0.0,1.19,0.0
3,2025-05-07 12:00:00,7.63,0.0,2.82,0.0
3,2025-05-07 13:00:00,7.39,0.0,2.01,0.0
3,2025-05-07 14:00:00,7.06,0.0,1.81,0.0
3,2025-05-07 15:00:00,6.41,0.0,2.38,0.0
3,2025-05-07 16:00:00,4.14,0.0,1.04,0.0
3,2025-05-07 17:00:00,1.9,0.0,0.68,0.0
3,2025-05-07 18:00:00,0.21,0.0,5.37,5.16
3,2025-05-07 19:00:00,0.0,0.0,3.45,3.45
3,2025-05-07 20:00:00,0.0,0.0,5.09,5.09
3,2025-05-07 21:00:00,0.0,0.0,3.59,3.59
3,2025-05-07 22:00:00,0.0,0.0,4.47,4.47
3,2025-05-07 23:00:00,0.0,0.0,0.93,0.93
3,2025-05-08 00:00:00,0.0,0.0,1.16,1.16
3,2025-05-08 01:00:00,0.0,0.0,1.18,1.18
3,2025-05-08 02:00:00,0.0,0.0,1.53,1.53
3,2025-05-08 03:00:00,0.0,0.0,1.2,1.2
3,2025-05-08 04:00:00,0.0,0.0,0.91,0.91
3,2025-05-08 05:00:00,0.0,0.0,1.07,1.07
3,2025-05-08 06:00:00,0.0,0.0,3.08,3.08
3,2025-05-08 07:00:00,2.32,0.0,3.38,1.07
3,2025-05-08 08:00:00,4.22,0.0,4.01,0.0
3,2025-05-08 09:00:00,5.04,0.0,4.68,0.0
3,2025-05-08 10:00:00,7.95,0.0,2.14,0.0
3,2025-05-08 11:00:00,7.82,0.0,2.28,0.0
3,2025-05-08 12:00:00,8.85,0.0,2.52,0.0
3,2025-05-08 13:00:00,8.52,0.0,1.67,0.0
3,2025-05-08 14:00:00,7.09,0.0,1.66,0.0
3,2025-05-08 15:00:00,5.71,0.0,2.37,0.0
3,2025-05-08 16:00:00,4.78,0.0,2.53,0.0
3,2025-05-08 17:00:00,1.7,0.0,1.91,0.21
3,2025-05-08 18:00:00,0.0,0.0,5.23,5.23
3,2025-05-08 19:00:00,0.0,0.0,5.95,5.95
3,2025-05-08 20:00:00,0.0,0.0,4.26,4.26
3,2025-05-08 21:00:00,0.0,0.0,4.16,4.16
3,2025-05-08 22:00:00,0.0,0.0,5.66,5.66
3,2025-05-08 23:00:00,0.0,0.0,1.76,1.76
3,2025-05-09 00:00:00,0.0,0.0,0.37,0.37
3,2025-05-09 01:00:00,0.0,0.0,1.06,1.06
3,2025-05-09 02:00:00,0.0,0.0,1.69,1.69
3,2025-05-09 03:00:00,0.0,0.0,1.06,1.06
3,2025-05-09 04:00:00,0.0,0.0,1.57,1.57
3,2025-05-09 05:00:00,0.0,0.0,0.82,0.82
3,2025-05-09 06:00:00,0.3,0.0,5.03,4.73
3,2025-05-09 07:00:00,1.91,0.0,4.25,2.34
3,2025-05-09 08:00:00,4.07,0.0,5.56,1.48
3,2025-05-09 09:00:00,5.62,0.0,4.92,0.0
3,2025-05-09 10:00:00,7.22,0.0,2.78,0.0
3,2025-05-09 11:00:00,7.97,0.0,1.39,0.0
3,2025-05-09 12:00:00,7.72,0.0,1.63,0.0
3,2025-05-09 13:00:00,7.78,0.0,1.98,0.0
3,2025-05-09 14:00:00,6.96,0.0,2.62,0.0
3,2025-05-09 15:00:00,5.23,0.0,1.9,0.0
3,2025-05-09 16:00:00,3.97,0.0,2.62,0.0
3,2025-05-09 17:00:00,1.78,0.0,1.65,0.0
3,2025-05-09 18:00:00,0.09,0.0,4.94,4.85
3,2025-05-09 19:00:00,0.0,0.0,4.71,4.71
3,2025-05-09 20:00:00,0.0,0.0,3.22,3.22
3,2025-05-09 21:00:00,0.0,0.0,4.85,4.85
3,2025-05-09 22:00:00,0.0,0.0,5.77,5.77
3,2025-05-09 23:00:00,0.0,0.0,1.9,1.9
3,2025-05-10 00:00:00,0.0,0.0,0.72,0.72
3,2025-05-10 01:00:00,0.0,0.0,0.99,0.99
3,2025-05-10 02:00:00,0.0,0.0,1.85,1.85
3,2025-05-10 03:00:00,0.0,0.0,0.92,0.92
3,2025-05-10 04:00:00,0.0,0.0,0.77,0.77
3,2025-05-10 05:00:00,0.0,0.0,0.92,0.92
3,2025-05-10 06:00:00,0.35,0.0,4.9,4.55
3,2025-05-10 07:00:00,2.0,0.0,5.8,3.8
3,2025-05-10 08:00:00,3.97,0.0,3.98,0.01
3,2025-05-10 09:00:00,5.5,0.0,4.27,0.0
3,2025-05-10 10:00:00,7.26,0.0,1.13,0.0
3,2025-05-10 11:00:00,8.39,0.0,2.96,0.0
3,2025-05-10 12:00:00,8.08,0.0,2.07,0.0
3,2025-05-10 13:00:00,8.15,0.0,2.43,0.0
3,2025-05-10 14:00:00,6.73,0.0,1.12,0.0
3,2025-05-10 15:00:00,6.01,0.0,1.5,0.0
3,2025-05-10 16:00:00,3.59,0.0,2.49,0.0
3,2025-05-10 17:00:00,1.5,0.0,1.76,0.26
3,2025-05-10 18:00:00,0.62,0.0,3.43,2.81
3,2025-05-10 19:00:00,0.0,0.0,4.91,4.91
3,2025-05-10 20:00:00,0.0,0.0,5.18,5.18
3,2025-05-10 21:00:00,0.0,0.0,5.6,5.6
3,2025-05-10 22:00:00,0.0,0.0,3.15,3.15
3,2025-05-10 23:00:00,0.0,0.0,0.34,0.34
3,2025-05-11 00:00:00,0.0,0.0,1.53,1.53
3,2025-05-11 01:00:00,0.0,0.0,1.54,1.54
3,2025-05-11 02:00:00,0.0,0.0,1.88,1.88
3,2025-05-11 03:00:00,0.0,0.0,0.31,0.31
3,2025-05-11 04:00:00,0.0,0.0,1.46,1.46
3,2025-05-11 05:00:00,0.0,0.0,1.4,1.4
3,2025-05-11 06:00:00,0.0,0.0,3.13,3.13
3,2025-05-11 07:00:00,2.13,0.0,5.15,3.02
3,2025-05-11 08:00:00,4.19,0.0,4.37,0.18
3,2025-05-11 09:00:00,5.87,0.0,5.32,0.0
3,2025-05-11 10:00:00,7.49,0.0,1.72,0.0
3,2025-05-11 11:00:00,7.76,0.0,1.15,0.0
3,2025-05-11 12:00:00,7.74,0.0,1.24,0.0
3,2025-05-11 13:00:00,7.53,0.0,1.1,0.0
3,2025-05-11 14:00:00,6.4,0.0,1.21,0.0
3,2025-05-11 15:00:00,5.84,0.0,2.39,0.0
3,2025-05-11 16:00:00,3.99,0.0,2.47,0.0
3,2025-05-11 17:00:00,1.13,0.0,0.6,0.0
3,2025-05-11 18:00:00,0.0,0.0,5.95,5.95
3,2025-05-11 19:00:00,0.0,0.0,5.5,5.5
3,2025-05-11 20:00:00,0.0,0.0,5.41,5.41
3,2025-05-11 21:00:00,0.0,0.0,3.43,3.43
3,2025-05-11 22:00:00,0.0,0.0,4.1,4.1
3,2025-05-11 23:00:00,0.0,0.0,0.82,0.82
3,2025-05-12 00:00:00,0.0,0.0,1.14,1.14
3,2025-05-12 01:00:00,0.0,0.0,0.85,0.85
3,2025-05-12 02:00:00,0.0,0.0,1.53,1.53
3,2025-05-12 03:00:00,0.0,0.0,1.49,1.49
3,2025-05-12 04:00:00,0.0,0.0,0.67,0.67
3,2025-05-12 05:00:00,0.0,0.0,0.63,0.63
3,2025-05-12 06:00:00,0.0,0.0,3.29,3.29
3,2025-05-12 07:00:00,2.19,0.0,4.39,2.2
3,2025-05-12 08:00:00,4.67,0.0,4.99,0.32
3,2025-05-12 09:00:00,5.93,0.0,5.14,0.0
3,2025-05-12 10:00:00,6.4,0.0,2.42,0.0
3,2025-05-12 11:00:00,7.85,0.0,1.38,0.0
3,2025-05-12 12:00:00,8.48,0.0,2.81,0.0
3,2025-05-12 13:00:00,8.63,0.0,2.28,0.0
3,2025-05-12 14:00:00,6.63,0.0,2.3,0.0
3,2025-05-12 15:00:00,5.27,0.0,1.12,0.0
3,2025-05-12 16:00:00,2.76,0.0,1.57,0.0
3,2025-05-12 17:00:00,1.55,0.0,1.38,0.0
3,2025-05-12 18:00:00,0.66,0.0,4.95,4.29
3,2025-05-12 19:00:00,0.0,0.0,4.31,4.31
3,2025-05-12 20:00:00,0.0,0.0,4.73,4.73
3,2025-05-12 21:00:00,0.0,0.0,3.43,3.43
3,2025-05-12 22:00:00,0.0,0.0,3.24,3.24
3,2025-05-12 23:00:00,0.0,0.0,1.75,1.75
3,2025-05-13 00:00:00,0.0,0.0,1.35,1.35
3,2025-05-13 01:00:00,0.0,0.0,1.04,1.04
3,2025-05-13 02:00:00,0.0,0.0,1.12,1.12
3,2025-05-13 03:00:00,0.0,0.0,0.72,0.72
4,2025-05-06 04:00:00,0.0,33.89,0.55,0.0
4,2025-05-06 05:00:00,0.0,26.94,0.94,0.0
4,2025-05-06 06:00:00,0.54,0.0,4.79,0.62
4,2025-05-06 07:00:00,2.24,0.0,4.97,2.72
4,2025-05-06 08:00:00,4.45,0.0,5.38,0.93
4,2025-05-06 09:00:00,5.47,0.0,5.11,0.0
4,2025-05-06 10:00:00,7.25,0.0,1.39,0.0
4,2025-05-06 11:00:00,8.11,0.0,1.45,0.0
4,2025-05-06 12:00:00,7.76,0.0,1.37,0.0
4,2025-05-06 13:00:00,7.43,0.0,2.14,0.0
4,2025-05-06 14:00:00,5.76,0.0,2.23,0.0
4,2025-05-06 15:00:00,5.62,0.0,2.68,0.0
4,2025-05-06 16:00:00,4.01,0.0,2.71,0.0
4,2025-05-06 17:00:00,1.33,0.0,1.38,0.05
4,2025-05-06 18:00:00,0.0,0.0,5.91,5.91
4,2025-05-06 19:00:00,0.0,0.0,3.22,3.22
4,2025-05-06 20:00:00,0.0,0.0,3.15,3.15
4,2025-05-06 21:00:00,0.0,0.0,5.68,5.68
4,2025-05-06 22:00:00,0.0,0.0,4.52,4.52
4,2025-05-06 23:00:00,0.0,0.0,0.73,0.73
4,2025-05-07 00:00:00,0.0,0.0,1.21,1.21
4,2025-05-07 01:00:00,0.0,0.0,1.45,1.45
4,2025-05-07 02:00:00,0.0,0.0,1.04,1.04
4,2025-05-07 03:00:00,0.0,0.0,1.16,1.16
4,2025-05-07 04:00:00,0.0,0.0,1.36,1.36
4,2025-05-07 05:00:00,0.0,0.0,0.8,0.8
4,2025-05-07 06:00:00,0.81,0.0,5.25,4.44
4,2025-05-07 07:00:00,1.81,0.0,5.35,3.55
4,2025-05-07 08:00:00,3.52,0.0,5.19,1.67
4,2025-05-07 09:00:00,6.67,0.0,3.27,0.0
4,2025-05-07 10:00:00,7.26,0.0,1.39,0.0
4,2025-05-07 11:00:00,8.22,0.0,2.34,0.0
4,2025-05-07 12:00:00,7.71,0.0,1.84,0.0
4,2025-05-07 13:00:00,8.5,0.0,2.04,0.0
4,2025-05-07 14:00:00,7.44,0.0,1.72,0.0
4,2025-05-07 15:00:00,5.34,0.0,2.43,0.0
4,2025-05-07 16:00:00,4.52,0.0,1.35,0.0
4,2025-05-07 17:00:00,2.13,0.0,1.02,0.0
4,2025-05-07 18:00:00,0.0,0.0,5.58,5.58
4,2025-05-07 19:00:00,0.0,0.0,4.45,4.45
4,2025-05-07 20:00:00,0.0,0.0,4.53,4.53
4,2025-05-07 21:00:00,0.0,0.0,3.86,3.86
4,2025-05-07 22:00:00,0.0,0.0,5.22,5.22
4,2025-05-07 23:00:00,0.0,0.0,1.25,1.25
4,2025-05-08 00:00:00,0.0,0.0,0.31,0.31
4,2025-05-08 01:00:00,0.0,0.0,0.74,0.74
4,2025-05-08 02:00:00,0.0,0.0,0.72,0.72
4,2025-05-08 03:00:00,0.0,0.0,0.99,0.99
4,2025-05-08 04:00:00,0.0,0.0,1.8,1.8
4,2025-05-08 05:00:00,0.0,0.0,1.56,1.56
4,2025-05-08 06:00:00,0.0,0.0,5.24,5.24
4,2025-05-08 07:00:00,2.48,0.0,4.8,2.32
4,2025-05-08 08:00:00,4.45,0.0,5.61,1.16
4,2025-05-08 09:00:00,5.51,0.0,3.06,0.0
4,2025-05-08 10:00:00,6.66,0.0,1.94,0.0
4,2025-05-08 11:00:00,7.78,0.0,1.55,0.0
4,2025-05-08 12:00:00,7.81,0.0,2.94,0.0
4,2025-05-08 13:00:00,7.37,0.0,1.04,0.0
4,2025-05-08 14:00:00,7.14,0.0,2.76,0.0
4,2025-05-08 15:00:00,5.86,0.0,1.24,0.0
4,2025-05-08 16:00:00,4.4,0.0,2.92,0.0
4,2025-05-08 17:00:00,1.58,0.0,0.88,0.0
4,2025-05-08 18:00:00,0.22,0.0,5.29,5.07
4,2025-05-08 19:00:00,0.0,0.0,4.98,4.98
4,2025-05-08 20:00:00,0.0,0.0,3.3,3.3
4,2025-05-08 21:00:00,0.0,0.0,4.21,4.21
4,2025-05-08 22:00:00,0.0,0.0,5.17,5.17
4,2025-05-08 23:00:00,0.0,0.0,1.09,1.09
4,2025-05-09 00:00:00,0.0,0.0,1.56,1.56
4,2025-05-09 01:00:00,0.0,0.0,1.13,1.13
4,2025-05-09 02:00:00,0.0,0.0,0.93,0.93
4,2025-05-09 03:00:00,0.0,0.0,1.98,1.98
4,2025-05-09 04:00:00,0.0,0.0,0.77,0.77
4,2025-05-09 05:00:00,0.0,0.0,1.26,1.26
4,2025-05-09 06:00:00,0.0,0.0,5.83,5.83
4,2025-05-09 07:00:00,2.63,0.0,5.65,3.02
4,2025-05-09 08:00:00,3.03,0.0,4.22,1.18
4,2025-05-09 09:00:00,4.99,0.0,3.86,0.0
4,2025-05-09 10:00:00,6.41,0.0,2.26,0.0
4,2025-05-09 11:00:00,7.36,0.0,1.4,0.0
4,2025-05-09 12:00:00,8.44,0.0,1.5,0.0
4,2025-05-09 13:00:00,7.81,0.0,1.14,0.0
4,2025-05-09 14:00:00,6.2,0.0,2.05,0.0
4,2025-05-09 15:00:00,5.25,0.0,2.62,0.0
4,2025-05-09 16:00:00,4.06,0.0,1.93,0.0
4,2025-05-09 17:00:00,1.9,0.0,1.28,0.0
4,2025-05-09 18:00:00,0.3,0.0,3.93,3.63
4,2025-05-09 19:00:00,0.0,0.0,4.41,4.41
4,2025-05-09 20:00:00,0.0,0.0,4.69,4.69
4,2025-05-09 21:00:00,0.0,0.0,4.26,4.26
4,2025-05-09 22:00:00,0.0,0.0,5.44,5.44
4,2025-05-09 23:00:00,0.0,0.0,1.02,1.02
4,2025-05-10 00:00:00,0.0,0.0,0.84,0.84
4,2025-05-10 01:00:00,0.0,0.0,0.92,0.92
4,2025-05-10 02:00:00,0.0,0.0,1.05,1.05
4,2025-05-10 03:00:00,0.0,0.0,1.19,1.19
4,2025-05-10 04:00:00,0.0,0.0,1.72,1.72
4,2025-05-10 05:00:00,0.0,0.0,1.45,1.45
4,2025-05-10 06:00:00,0.92,0.0,4.19,3.27
4,2025-05-10 07:00:00,2.58,0.0,5.02,2.44
4,2025-05-10 08:00:00,4.26,0.0,3.57,0.0
4,2025-05-10 09:00:00,6.05,0.0,5.45,0.0
4,2025-05-10 10:00:00,6.42,0.0,2.21,0.0
4,2025-05-10 11:00:00,7.96,0.0,2.85,0.0
4,2025-05-10 12:00:00,7.35,0.0,2.15,0.0
4,2025-05-10 13:00:00,8.04,0.0,1.19,0.0
4,2025-05-10 14:00:00,5.98,0.0,2.59,0.0
4,2025-05-10 15:00:00,5.07,0.0,2.28,0.0
4,2025-05-10 16:00:00,4.06,0.0,1.02,0.0
4,2025-05-10 17:00:00,2.5,0.0,0.41,0.0
4,2025-05-10 18:00:00,0.8,0.0,4.06,3.27
4,2025-05-10 19:00:00,0.0,0.0,3.78,3.78
4,2025-05-10 20:00:00,0.0,0.0,4.84,4.84
4,2025-05-10 21:00:00,0.0,0.0,3.62,3.62
4,2025-05-10 22:00:00,0.0,0.0,5.39,5.39
4,2025-05-10 23:00:00,0.0,0.0,1.06,1.06
4,2025-05-11 00:00:00,0.0,0.0,0.38,0.38
4,2025-05-11 01:00:00,0.0,0.0,1.85,1.85
4,2025-05-11 02:00:00,0.0,0.0,1.32,1.32
4,2025-05-11 03:00:00,0.0,0.0,0.35,0.35
4,2025-05-11 04:00:00,0.0,0.0,0.64,0.64
4,2025-05-11 05:00:00,0.0,0.0,1.04,1.04
4,2025-05-11 06:00:00,0.0,0.0,3.19,3.19
4,2025-05-11 07:00:00,2.02,0.0,5.96,3.94
4,2025-05-11 08:00:00,4.43,0.0,5.52,1.09
4,2025-05-11 09:00:00,5.68,0.0,5.96,0.28
4,2025-05-11 10:00:00,6.6,0.0,2.0,0.0
4,2025-05-11 11:00:00,7.56,0.0,2.15,0.0
4,2025-05-11 12:00:00,7.35,0.0,1.91,0.0
4,2025-05-11 13:00:00,7.2,0.0,2.79,0.0
4,2025-05-11 14:00:00,6.09,0.0,2.6,0.0
4,2025-05-11 15:00:00,6.96,0.0,1.82,0.0
4,2025-05-11 16:00:00,4.07,0.0,1.52,0.0
4,2025-05-11 17:00:00,1.54,0.0,0.67,0.0
4,2025-05-11 18:00:00,0.17,0.0,4.57,4.4
4,2025-05-11 19:00:00,0.0,0.0,3.75,3.75
4,2025-05-11 20:00:00,0.0,0.0,3.15,3.15
4,2025-05-11 21:00:00,0.0,0.0,4.8,4.8
4,2025-05-11 22:00:00,0.0,0.0,5.1,5.1
4,2025-05-11 23:00:00,0.0,0.0,0.55,0.55
4,2025-05-12 00:00:00,0.0,0.0,1.35,1.35
4,2025-05-12 01:00:00,0.0,0.0,1.37,1.37
4,2025-05-12 02:00:00,0.0,0.0,1.16,1.16
4,2025-05-12 03:00:00,0.0,0.0,0.99,0.99
4,2025-05-12 04:00:00,0.0,0.0,1.19,1.19
4,2025-05-12 05:00:00,0.0,0.0,1.95,1.95
4,2025-05-12 06:00:00,0.41,0.0,5.86,5.45
4,2025-05-12 07:00:00,1.84,0.0,3.16,1.32
4,2025-05-12 08:00:00,4.26,0.0,4.61,0.36
4,2025-05-12 09:00:00,6.2,0.0,4.72,0.0
4,2025-05-12 10:00:00,7.16,0.0,1.97,0.0
4,2025-05-12 11:00:00,7.38,0.0,2.56,0.0
4,2025-05-12 12:00:00,7.33,0.0,2.43,0.0
4,2025-05-12 13:00:00,7.7,0.0,2.75,0.0
4,2025-05-12 14:00:00,6.18,0.0,2.51,0.0
4,2025-05-12 15:00:00,5.83,0.0,2.65,0.0
4,2025-05-12 16:00:00,3.8,0.0,1.89,0.0
4,2025-05-12 17:00:00,1.01,0.0,1.73,0.71
4,2025-05-12 18:00:00,0.0,0.0,4.84,4.84
4,2025-05-12 19:00:00,0.0,0.0,5.17,5.17
4,2025-05-12 20:00:00,0.0,0.0,3.19,3.19
4,2025-05-12 21:00:00,0.0,0.0,4.41,4.41
4,2025-05-12 22:00:00,0.0,0.0,3.09,3.09
4,2025-05-12 23:00:00,0.0,0.0,1.87,1.87
4,2025-05-13 00:00:00,0.0,0.0,0.49,0.49
4,2025-05-13 01:00:00,0.0,0.0,1.71,1.71
4,2025-05-13 02:00:00,0.0,0.0,1.26,1.26
4,2025-05-13 03:00:00,0.0,0.0,1.06,1.06
5,2025-05-06 04:00:00,0.0,61.43,0.35,0.0
5,2025-05-06 05:00:00,0.0,53.66,1.05,0.0
5,2025-05-06 06:00:00,0.0,11.16,5.74,0.0
5,2025-05-06 07:00:00,1.57,0.0,4.86,1.78
5,2025-05-06 08:00:00,3.54,0.0,3.65,0.11
5,2025-05-06 09:00:00,4.71,0.0,3.85,0.0
5,2025-05-06 10:00:00,8.16,0.0,1.63,0.0
5,2025-05-06 11:00:00,7.97,0.0,1.81,0.0
5,2025-05-06 12:00:00,8.64,0.0,2.57,0.0
5,2025-05-06 13:00:00,7.25,0.0,1.42,0.0
5,2025-05-06 14:00:00,7.11,0.0,1.85,0.0
5,2025-05-06 15:00:00,5.31,0.0,2.77,0.0
5,2025-05-06 16:00:00,4.14,0.0,2.77,0.0
5,2025-05-06 17:00:00,2.41,0.0,1.47,0.0
5,2025-05-06 18:00:00,0.0,0.0,4.24,4.24
5,2025-05-06 19:00:00,0.0,0.0,4.09,4.09
5,2025-05-06 20:00:00,0.0,0.0,5.22,5.22
5,2025-05-06 21:00:00,0.0,0.0,3.76,3.76
5,2025-05-06 22:00:00,0.0,0.0,4.63,4.63
5,2025-05-06 23:00:00,0.0,0.0,1.77,1.77
5,2025-05-07 00:00:00,0.0,0.0,1.66,1.66
5,2025-05-07 01:00:00,0.0,0.0,0.52,0.52
5,2025-05-07 02:00:00,0.0,0.0,1.36,1.36
5,2025-05-07 03:00:00,0.0,0.0,1.47,1.47
5,2025-05-07 04:00:00,0.0,0.0,1.78,1.78
5,2025-05-07 05:00:00,0.0,0.0,1.16,1.16
5,2025-05-07 06:00:00,0.91,0.0,4.03,3.12
5,2025-05-07 07:00:00,2.06,0.0,4.31,2.26
5,2025-05-07 08:00:00,4.12,0.0,5.13,1.01
5,2025-05-07 09:00:00,5.63,0.0,3.85,0.0
5,2025-05-07 10:00:00,7.45,0.0,1.13,0.0
5,2025-05-07 11:00:00,7.3,0.0,2.6,0.0
5,2025-05-07 12:00:00,8.04,0.0,1.36,0.0
5,2025-05-07 13:00:00,8.11,0.0,1.47,0.0
5,2025-05-07 14:00:00,6.28,0.0,2.81,0.0
5,2025-05-07 15:00:00,5.0,0.0,2.71,0.0
5,2025-05-07 16:00:00,3.73,0.0,1.44,0.0
5,2025-05-07 17:00:00,2.53,0.0,1.03,0.0
5,2025-05-07 18:00:00,0.05,0.0,3.96,3.91
5,2025-05-07 19:00:00,0.0,0.0,5.7,5.7
5,2025-05-07 20:00:00,0.0,0.0,5.87,5.87
5,2025-05-07 21:00:00,0.0,0.0,5.95,5.95
5,2025-05-07 22:00:00,0.0,0.0,4.75,4.75
5,2025-05-07 23:00:00,0.0,0.0,0.98,0.98
5,2025-05-08 00:00:00,0.0,0.0,1.93,1.93
5,2025-05-08 01:00:00,0.0,0.0,0.57,0.57
5,2025-05-08 02:00:00,0.0,0.0,0.68,0.68
5,2025-05-08 03:00:00,0.0,0.0,2.0,2.0
5,2025-05-08 04:00:00,0.0,0.0,1.49,1.49
5,2025-05-08 05:00:00,0.0,0.0,1.38,1.38
5,2025-05-08 06:00:00,0.63,0.0,4.82,4.19
5,2025-05-08 07:00:00,1.72,0.0,3.2,1.47
5,2025-05-08 08:00:00,3.8,0.0,3.75,0.0
5,2025-05-08 09:00:00,4.64,0.0,5.11,0.48
5,2025-05-08 10:00:00,6.99,0.0,1.74,0.0
5,2025-05-08 11:00:00,7.57,0.0,2.43,0.0
5,2025-05-08 12:00:00,7.61,0.0,1.73,0.0
5,2025-05-08 13:00:00,8.51,0.0,2.61,0.0
5,2025-05-08 14:00:00,7.68,0.0,1.29,0.0
5,2025-05-08 15:00:00,5.47,0.0,2.08,0.0
5,2025-05-08 16:00:00,3.82,0.0,1.09,0.0
5,2025-05-08 17:00:00,1.33,0.0,0.67,0.0
5,2025-05-08 18:00:00,0.0,0.0,3.36,3.36
5,2025-05-08 19:00:00,0.0,0.0,3.98,3.98
5,2025-05-08 20:00:00,0.0,0.0,5.84,5.84
5,2025-05-08 21:00:00,0.0,0.0,4.12,4.12
5,2025-05-08 22:00:00,0.0,0.0,5.81,5.81
5,2025-05-08 23:00:00,0.0,0.0,0.81,0.81
5,2025-05-09 00:00:00,0.0,0.0,0.91,0.91
5,2025-05-09 01:00:00,0.0,0.0,1.51,1.51
5,2025-05-09 02:00:00,0.0,0.0,0.47,0.47
5,2025-05-09 03:00:00,0.0,0.0,0.85,0.85
5,2025-05-09 04:00:00,0.0,0.0,1.49,1.49
5,2025-05-09 05:00:00,0.0,0.0,1.36,1.36
5,2025-05-09 06:00:00,0.06,0.0,5.76,5.69
5,2025-05-09 07:00:00,1.86,0.0,4.52,2.66
5,2025-05-09 08:00:00,3.55,0.0,5.93,2.37
5,2025-05-09 09:00:00,6.3,0.0,4.96,0.0
5,2025-05-09 10:00:00,6.23,0.0,2.28,0.0
5,2025-05-09 11:00:00,7.93,0.0,1.53,0.0
5,2025-05-09 12:00:00,8.2,0.0,1.97,0.0
5,2025-05-09 13:00:00,8.46,0.0,1.31,0.0
5,2025-05-09 14:00:00,6.66,0.0,1.38,0.0
5,2025-05-09 15:00:00,5.64,0.0,2.37,0.0
5,2025-05-09 16:00:00,4.62,0.0,2.19,0.0
5,2025-05-09 17:00:00,1.93,0.0,0.92,0.0
5,2025-05-09 18:00:00,0.11,0.0,3.2,3.09
5,2025-05-09 19:00:00,0.0,0.0,5.59,5.59
5,2025-05-09 20:00:00,0.0,0.0,3.23,3.23
5,2025-05-09 21:00:00,0.0,0.0,5.39,5.39
5,2025-05-09 22:00:00,0.0,0.0,5.04,5.04
5,2025-05-09 23:00:00,0.0,0.0,1.27,1.27
5,2025-05-10 00:00:00,0.0,0.0,0.75,0.75
5,2025-05-10 01:00:00,0.0,0.0,0.55,0.55
5,2025-05-10 02:00:00,0.0,0.0,0.81,0.81
5,2025-05-10 03:00:00,0.0,0.0,0.94,0.94
5,2025-05-10 04:00:00,0.0,0.0,1.52,1.52
5,2025-05-10 05:00:00,0.0,0.0,1.74,1.74
5,2025-05-10 06:00:00,0.0,0.0,5.52,5.52
5,2025-05-10 07:00:00,1.79,0.0,3.64,1.85
5,2025-05-10 08:00:00,4.08,0.0,5.31,1.24
5,2025-05-10 09:00:00,5.74,0.0,3.07,0.0
5,2025-05-10 10:00:00,6.48,0.0,1.83,0.0
5,2025-05-10 11:00:00,7.71,0.0,1.94,0.0
5,2025-05-10 12:00:00,8.56,0.0,2.82,0.0
5,2025-05-10 13:00:00,8.22,0.0,2.6,0.0
5,2025-05-10 14:00:00,7.68,0.0,1.97,0.0
5,2025-05-10 15:00:00,5.88,0.0,1.96,0.0
5,2025-05-10 16:00:00,3.95,0.0,1.88,0.0
5,2025-05-10 17:00:00,2.65,0.0,1.04,0.0
5,2025-05-10 18:00:00,0.14,0.0,3.45,3.31
5,2025-05-10 19:00:00,0.0,0.0,3.98,3.98
5,2025-05-10 20:00:00,0.0,0.0,5.31,5.31
5,2025-05-10 21:00:00,0.0,0.0,4.38,4.38
5,2025-05-10 22:00:00,0.0,0.0,4.24,4.24
5,2025-05-10 23:00:00,0.0,0.0,1.3,1.3
5,2025-05-11 00:00:00,0.0,0.0,0.95,0.95
5,2025-05-11 01:00:00,0.0,0.0,1.94,1.94
5,2025-05-11 02:00:00,0.0,0.0,0.69,0.69
5,2025-05-11 03:00:00,0.0,0.0,0.34,0.34
5,2025-05-11 04:00:00,0.0,0.0,0.47,0.47
5,2025-05-11 05:00:00,0.0,0.0,1.74,1.74
5,2025-05-11 06:00:00,0.0,0.0,3.63,3.63
5,2025-05-11 07:00:00,2.4,0.0,5.57,3.17
5,2025-05-11 08:00:00,3.77,0.0,4.77,1.0
5,2025-05-11 09:00:00,5.07,0.0,3.13,0.0
5,2025-05-11 10:00:00,6.7,0.0,2.63,0.0
5,2025-05-11 11:00:00,7.19,0.0,1.91,0.0
5,2025-05-11 12:00:00,7.42,0.0,1.02,0.0
5,2025-05-11 13:00:00,8.27,0.0,1.66,0.0
5,2025-05-11 14:00:00,6.37,0.0,2.0,0.0
5,2025-05-11 15:00:00,6.1,0.0,1.32,0.0
5,2025-05-11 16:00:00,3.68,0.0,2.8,0.0
5,2025-05-11 17:00:00,2.69,0.0,0.87,0.0
5,2025-05-11 18:00:00,0.0,0.0,3.74,3.74
5,2025-05-11 19:00:00,0.0,0.0,3.64,3.64
5,2025-05-11 20:00:00,0.0,0.0,4.63,4.63
5,2025-05-11 21:00:00,0.0,0.0,4.16,4.16
5,2025-05-11 22:00:00,0.0,0.0,4.3,4.3
5,2025-05-11 23:00:00,0.0,0.0,1.81,1.81
5,2025-05-12 00:00:00,0.0,0.0,0.75,0.75
5,2025-05-12 01:00:00,0.0,0.0,0.8,0.8
5,2025-05-12 02:00:00,0.0,0.0,1.08,1.08
5,2025-05-12 03:00:00,0.0,0.0,0.64,0.64
5,2025-05-12 04:00:00,0.0,0.0,1.38,1.38
5,2025-05-12 05:00:00,0.0,0.0,1.06,1.06
5,2025-05-12 06:00:00,0.78,0.0,3.73,2.95
5,2025-05-12 07:00:00,2.63,0.0,4.61,1.98
5,2025-05-12 08:00:00,3.89,0.0,4.82,0.94
5,2025-05-12 09:00:00,5.32,0.0,5.01,0.0
5,2025-05-12 10:00:00,6.72,0.0,2.89,0.0
5,2025-05-12 11:00:00,8.5,0.0,1.68,0.0
5,2025-05-12 12:00:00,7.71,0.0,1.55,0.0
5,2025-05-12 13:00:00,7.87,0.0,2.53,0.0
5,2025-05-12 14:00:00,7.18,0.0,2.36,0.0
5,2025-05-12 15:00:00,5.38,0.0,1.04,0.0
5,2025-05-12 16:00:00,3.42,0.0,3.0,0.0
5,2025-05-12 17:00:00,2.48,0.0,1.22,0.0
5,2025-05-12 18:00:00,0.28,0.0,4.86,4.58
5,2025-05-12 19:00:00,0.0,0.0,3.57,3.57
5,2025-05-12 20:00:00,0.0,0.0,4.89,4.89
5,2025-05-12 21:00:00,0.0,0.0,5.23,5.23
5,2025-05-12 22:00:00,0.0,0.0,3.73,3.73
5,2025-05-12 23:00:00,0.0,0.0,1.01,1.01
5,2025-05-13 00:00:00,0.0,0.0,1.26,1.26
5,2025-05-13 01:00:00,0.0,0.0,1.39,1.39
5,2025-05-13 02:00:00,0.0,0.0,1.47,1.47
5,2025-05-13 03:00:00,0.0,0.0,1.59,1.59
6,2025-05-06 04:00:00,0.0,49.6,0.73,0.0
6,2025-05-06 05:00:00,0.0,45.55,0.55,0.0
6,2025-05-06 06:00:00,0.31,20.11,3.74,0.0
6,2025-05-06 07:00:00,2.13,0.0,5.31,0.47
6,2025-05-06 08:00:00,3.92,0.0,4.14,0.22
6,2025-05-06 09:00:00,5.2,0.0,4.87,0.0
6,2025-05-06 10:00:00,7.06,0.0,2.82,0.0
6,2025-05-06 11:00:00,7.69,0.0,1.55,0.0
6,2025-05-06 12:00:00,7.56,0.0,2.47,0.0
6,2025-05-06 13:00:00,8.87,0.0,1.43,0.0
6,2025-05-06 14:00:00,7.19,0.0,2.72,0.0
6,2025-05-06 15:00:00,6.34,0.0,1.01,0.0
6,2025-05-06 16:00:00,3.94,0.0,1.14,0.0
6,2025-05-06 17:00:00,1.16,0.0,1.6,0.44
6,2025-05-06 18:00:00,0.35,0.0,3.65,3.3
6,2025-05-06 19:00:00,0.0,0.0,3.07,3.07
6,2025-05-06 20:00:00,0.0,0.0,5.51,5.51
6,2025-05-06 21:00:00,0.0,0.0,3.08,3.08
6,2025-05-06 22:00:00,0.0,0.0,4.01,4.01
6,2025-05-06 23:00:00,0.0,0.0,1.73,1.73
6,2025-05-07 00:00:00,0.0,0.0,1.7,1.7
6,2025-05-07 01:00:00,0.0,0.0,0.41,0.41
6,2025-05-07 02:00:00,0.0,0.0,0.77,0.77
6,2025-05-07 03:00:00,0.0,0.0,1.66,1.66
6,2025-05-07 04:00:00,0.0,0.0,1.42,1.42
6,2025-05-07 05:00:00,0.0,0.0,0.34,0.34
6,2025-05-07 06:00:00,0.31,0.0,4.26,3.94
6,2025-05-07 07:00:00,2.53,0.0,3.34,0.81
6,2025-05-07 08:00:00,4.21,0.0,4.18,0.0
6,2025-05-07 09:00:00,5.62,0.0,4.55,0.0
6,2025-05-07 10:00:00,7.67,0.0,2.53,0.0
6,2025-05-07 11:00:00,7.75,0.0,1.45,0.0
6,2025-05-07 12:00:00,8.68,0.0,1.3,0.0
6,2025-05-07 13:00:00,7.54,0.0,1.61,0.0
6,2025-05-07 14:00:00,6.62,0.0,2.12,0.0
6,2025-05-07 15:00:00,6.31,0.0,2.32,0.0
6,2025-05-07 16:00:00,4.35,0.0,2.27,0.0
6,2025-05-07 17:00:00,1.6,0.0,0.54,0.0
6,2025-05-07 18:00:00,0.57,0.0,4.62,4.05
6,2025-05-07 19:00:00,0.0,0.0,4.44,4.44
6,2025-05-07 20:00:00,0.0,0.0,3.94,3.94
6,2025-05-07 21:00:00,0.0,0.0,3.87,3.87
6,2025-05-07 22:00:00,0.0,0.0,5.05,5.05
6,2025-05-07 23:00:00,0.0,0.0,0.41,0.41
6,2025-05-08 00:00:00,0.0,0.0,1.15,1.15
6,2025-05-08 01:00:00,0.0,0.0,0.73,0.73
6,2025-05-08 02:00:00,0.0,0.0,1.64,1.64
6,2025-05-08 03:00:00,0.0,0.0,0.34,0.34
6,2025-05-08 04:00:00,0.0,0.0,0.68,0.68
6,2025-05-08 05:00:00,0.0,0.0,0.83,0.83
6,2025-05-08 06:00:00,0.2,0.0,5.8,5.6
6,2025-05-08 07:00:00,1.73,0.0,3.72,1.99
6,2025-05-08 08:00:00,4.66,0.0,4.73,0.07
6,2025-05-08 09:00:00,5.98,0.0,3.94,0.0
6,2025-05-08 10:00:00,6.31,0.0,2.54,0.0
6,2025-05-08 11:00:00,6.84,0.0,2.26,0.0
6,2025-05-08 12:00:00,7.62,0.0,1.89,0.0
6,2025-05-08 13:00:00,7.37,0.0,2.48,0.0
6,2025-05-08 14:00:00,5.64,0.0,2.26,0.0
6,2025-05-08 15:00:00,5.55,0.0,2.22,0.0
6,2025-05-08 16:00:00,3.56,0.0,2.91,0.0
6,2025-05-08 17:00:00,1.54,0.0,0.5,0.0
6,2025-05-08 18:00:00,0.0,0.0,5.98,5.98
6,2025-05-08 19:00:00,0.0,0.0,4.24,4.24
6,2025-05-08 20:00:00,0.0,0.0,3.22,3.22
6,2025-05-08 21:00:00,0.0,0.0,3.46,3.46
6,2025-05-08 22:00:00,0.0,0.0,3.25,3.25
6,2025-05-08 23:00:00,0.0,0.0,1.44,1.44
6,2025-05-09 00:00:00,0.0,0.0,0.52,0.52
6,2025-05-09 01:00:00,0.0,0.0,1.19,1.19
6,2025-05-09 02:00:00,0.0,0.0,0.78,0.78
6,2025-05-09 03:00:00,0.0,0.0,1.16,1.16
6,2025-05-09 04:00:00,0.0,0.0,0.62,0.62
6,2025-05-09 05:00:00,0.0,0.0,1.56,1.56
6,2025-05-09 06:00:00,0.0,0.0,3.63,3.63
6,2025-05-09 07:00:00,2.66,0.0,3.81,1.15
6,2025-05-09 08:00:00,4.16,0.0,3.37,0.0
6,2025-05-09 09:00:00,5.72,0.0,5.54,0.0
6,2025-05-09 10:00:00,7.32,0.0,1.83,0.0
6,2025-05-09 11:00:00,7.75,0.0,2.4,0.0
6,2025-05-09 12:00:00,7.09,0.0,2.98,0.0
6,2025-05-09 13:00:00,7.52,0.0,1.88,0.0
6,2025-05-09 14:00:00,7.21,0.0,1.64,0.0
6,2025-05-09 15:00:00,6.34,0.0,2.82,0.0
6,2025-05-09 16:00:00,3.66,0.0,1.45,0.0
6,2025-05-09 17:00:00,2.56,0.0,0.97,0.0
6,2025-05-09 18:00:00,0.28,0.0,4.44,4.16
6,2025-05-09 19:00:00,0.0,0.0,4.03,4.03
6,2025-05-09 20:00:00,0.0,0.0,4.06,4.06
6,2025-05-09 21:00:00,0.0,0.0,5.95,5.95
6,2025-05-09 22:00:00,0.0,0.0,5.22,5.22
6,2025-05-09 23:00:00,0.0,0.0,1.47,1.47
6,2025-05-10 00:00:00,0.0,0.0,1.38,1.38
6,2025-05-10 01:00:00,0.0,0.0,1.38,1.38
6,2025-05-10 02:00:00,0.0,0.0,1.69,1.69
6,2025-05-10 03:00:00,0.0,0.0,0.39,0.39
6,2025-05-10 04:00:00,0.0,0.0,0.96,0.96
6,2025-05-10 05:00:00,0.0,0.0,0.44,0.44
6,2025-05-10 06:00:00,0.0,0.0,5.08,5.08
6,2025-05-10 07:00:00,2.1,0.0,4.12,2.02
6,2025-05-10 08:00:00,4.08,0.0,3.15,0.0
6,2025-05-10 09:00:00,4.88,0.0,5.54,0.66
6,2025-05-10 10:00:00,7.21,0.0,1.91,0.0
6,2025-05-10 11:00:00,7.18,0.0,3.0,0.0
6,2025-05-10 12:00:00,8.37,0.0,1.26,0.0
6,2025-05-10 13:00:00,7.95,0.0,2.33,0.0
6,2025-05-10 14:00:00,6.64,0.0,1.16,0.0
6,2025-05-10 15:00:00,6.11,0.0,2.11,0.0
6,2025-05-10 16:00:00,3.92,0.0,2.76,0.0
6,2025-05-10 17:00:00,2.0,0.0,0.43,0.0
6,2025-05-10 18:00:00,0.0,0.0,4.86,4.86
6,2025-05-10 19:00:00,0.0,0.0,5.52,5.52
6,2025-05-10 20:00:00,0.0,0.0,4.05,4.05
6,2025-05-10 21:00:00,0.0,0.0,5.2,5.2
6,2025-05-10 22:00:00,0.0,0.0,5.15,5.15
6,2025-05-10 23:00:00,0.0,0.0,0.66,0.66
6,2025-05-11 00:00:00,0.0,0.0,1.72,1.72
6,2025-05-11 01:00:00,0.0,0.0,1.3,1.3
6,2025-05-11 02:00:00,0.0,0.0,0.42,0.42
6,2025-05-11 03:00:00,0.0,0.0,1.3,1.3
6,2025-05-11 04:00:00,0.0,0.0,0.87,0.87
6,2025-05-11 05:00:00,0.0,0.0,0.93,0.93
6,2025-05-11 06:00:00,0.04,0.0,3.87,3.83
6,2025-05-11 07:00:00,1.34,0.0,3.92,2.58
6,2025-05-11 08:00:00,4.26,0.0,4.34,0.07
6,2025-05-11 09:00:00,6.77,0.0,3.5,0.0
6,2025-05-11 10:00:00,6.61,0.0,1.42,0.0
6,2025-05-11 11:00:00,7.47,0.0,1.01,0.0
6,2025-05-11 12:00:00,8.08,0.0,1.0,0.0
6,2025-05-11 13:00:00,8.0,0.0,1.3,0.0
6,2025-05-11 14:00:00,7.29,0.0,1.69,0.0
6,2025-05-11 15:00:00,5.44,0.0,2.48,0.0
6,2025-05-11 16:00:00,3.78,0.0,1.49,0.0
6,2025-05-11 17:00:00,1.92,0.0,0.96,0.0
6,2025-05-11 18:00:00,0.0,0.0,4.87,4.87
6,2025-05-11 19:00:00,0.0,0.0,3.57,3.57
6,2025-05-11 20:00:00,0.0,0.0,5.76,5.76
6,2025-05-11 21:00:00,0.0,0.0,4.15,4.15
6,2025-05-11 22:00:00,0.0,0.0,3.41,3.41
6,2025-05-11 23:00:00,0.0,0.0,0.36,0.36
6,2025-05-12 00:00:00,0.0,0.0,1.66,1.66
6,2025-05-12 01:00:00,0.0,0.0,1.84,1.84
6,2025-05-12 02:00:00,0.0,0.0,1.47,1.47
6,2025-05-12 03:00:00,0.0,0.0,1.87,1.87
6,2025-05-12 04:00:00,0.0,0.0,1.96,1.96
6,2025-05-12 05:00:00,0.0,0.0,1.11,1.11
6,2025-05-12 06:00:00,1.23,0.0,4.2,2.97
6,2025-05-12 07:00:00,2.26,0.0,3.92,1.66
6,2025-05-12 08:00:00,4.65,0.0,4.39,0.0
6,2025-05-12 09:00:00,5.74,0.0,5.49,0.0
6,2025-05-12 10:00:00,6.48,0.0,2.56,0.0
6,2025-05-12 11:00:00,8.54,0.0,1.56,0.0
6,2025-05-12 12:00:00,8.42,0.0,2.55,0.0
6,2025-05-12 13:00:00,7.25,0.0,2.45,0.0
6,2025-05-12 14:00:00,6.49,0.0,2.26,0.0
6,2025-05-12 15:00:00,5.11,0.0,2.4,0.0
6,2025-05-12 16:00:00,3.56,0.0,2.35,0.0
6,2025-05-12 17:00:00,2.22,0.0,1.91,0.0
6,2025-05-12 18:00:00,0.44,0.0,5.33,4.89
6,2025-05-12 19:00:00,0.0,0.0,4.21,4.21
6,2025-05-12 20:00:00,0.0,0.0,3.83,3.83
6,2025-05-12 21:00:00,0.0,0.0,4.36,4.36
6,2025-05-12 22:00:00,0.0,0.0,4.28,4.28
6,2025-05-12 23:00:00,0.0,0.0,1.19,1.19
6,2025-05-13 00:00:00,0.0,0.0,1.77,1.77
6,2025-05-13 01:00:00,0.0,0.0,0.59,0.59
6,2025-05-13 02:00:00,0.0,0.0,0.82,0.82
6,2025-05-13 03:00:00,0.0,0.0,1.27,1.27
7,2025-05-06 04:00:00,0.0,64.24,0.91,0.0
7,2025-05-06 05:00:00,0.0,57.38,0.93,0.0
7,2025-05-06 06:00:00,0.0,22.06,4.77,0.0
7,2025-05-06 07:00:00,1.86,5.83,4.06,0.0
7,2025-05-06 08:00:00,4.4,0.0,5.77,0.58
7,2025-05-06 09:00:00,5.53,0.0,5.36,0.0
7,2025-05-06 10:00:00,6.96,0.0,2.54,0.0
7,2025-05-06 11:00:00,7.71,0.0,1.15,0.0
7,2025-05-06 12:00:00,8.46,0.0,1.23,0.0
7,2025-05-06 13:00:00,7.52,0.0,2.14,0.0
7,2025-05-06 14:00:00,7.04,0.0,2.77,0.0
7,2025-05-06 15:00:00,5.14,0.0,1.01,0.0
7,2025-05-06 16:00:00,3.42,0.0,2.87,0.0
7,2025-05-06 17:00:00,2.19,0.0,1.99,0.0
7,2025-05-06 18:00:00,0.0,0.0,3.69,3.69
7,2025-05-06 19:00:00,0.0,0.0,3.31,3.31
7,2025-05-06 20:00:00,0.0,0.0,3.25,3.25
7,2025-05-06 21:00:00,0.0,0.0,4.29,4.29
7,2025-05-06 22:00:00,0.0,0.0,4.04,4.04
7,2025-05-06 23:00:00,0.0,0.0,0.86,0.86
7,2025-05-07 00:00:00,0.0,0.0,0.55,0.55
7,2025-05-07 01:00:00,0.0,0.0,1.3,1.3
7,2025-05-07 02:00:00,0.0,0.0,0.51,0.51
7,2025-05-07 03:00:00,0.0,0.0,0.72,0.72
7,2025-05-07 04:00:00,0.0,0.0,1.17,1.17
7,2025-05-07 05:00:00,0.0,0.0,0.37,0.37
7,2025-05-07 06:00:00,0.0,0.0,5.23,5.23
7,2025-05-07 07:00:00,2.9,0.0,5.51,2.61
7,2025-05-07 08:00:00,3.37,0.0,5.96,2.59
7,2025-05-07 09:00:00,4.53,0.0,5.88,1.35
7,2025-05-07 10:00:00,5.9,0.0,2.64,0.0
7,2025-05-07 11:00:00,7.29,0.0,1.63,0.0
7,2025-05-07 12:00:00,8.47,0.0,1.59,0.0
7,2025-05-07 13:00:00,8.1,0.0,2.67,0.0
7,2025-05-07 14:00:00,6.44,0.0,2.9,0.0
7,2025-05-07 15:00:00,4.45,0.0,1.68,0.0
7,2025-05-07 16:00:00,3.73,0.0,1.81,0.0
7,2025-05-07 17:00:00,1.65,0.0,1.74,0.09
7,2025-05-07 18:00:00,0.47,0.0,5.28,4.81
7,2025-05-07 19:00:00,0.0,0.0,5.14,5.14
7,2025-05-07 20:00:00,0.0,0.0,3.95,3.95
7,2025-05-07 21:00:00,0.0,0.0,4.09,4.09
7,2025-05-07 22:00:00,0.0,0.0,3.46,3.46
7,2025-05-07 23:00:00,0.0,0.0,0.71,0.71
7,2025-05-08 00:00:00,0.0,0.0,0.86,0.86
7,2025-05-08 01:00:00,0.0,0.0,1.36,1.36
7,2025-05-08 02:00:00,0.0,0.0,1.9,1.9
7,2025-05-08 03:00:00,0.0,0.0,1.54,1.54
7,2025-05-08 04:00:00,0.0,0.0,1.27,1.27
7,2025-05-08 05:00:00,0.0,0.0,1.18,1.18
7,2025-05-08 06:00:00,0.42,0.0,5.43,5.01
7,2025-05-08 07:00:00,2.07,0.0,5.69,3.62
7,2025-05-08 08:00:00,3.55,0.0,4.55,1.0
7,2025-05-08 09:00:00,4.87,0.0,3.65,0.0
7,2025-05-08 10:00:00,6.61,0.0,1.94,0.0
7,2025-05-08 11:00:00,7.15,0.0,1.12,0.0
7,2025-05-08 12:00:00,7.44,0.0,2.24,0.0
7,2025-05-08 13:00:00,7.26,0.0,2.47,0.0
7,2025-05-08 14:00:00,6.85,0.0,1.01,0.0
7,2025-05-08 15:00:00,4.51,0.0,1.98,0.0
7,2025-05-08 16:00:00,4.12,0.0,1.68,0.0
7,2025-05-08 17:00:00,2.7,0.0,0.94,0.0
7,2025-05-08 18:00:00,0.05,0.0,5.19,5.14
7,2025-05-08 19:00:00,0.0,0.0,3.02,3.02
7,2025-05-08 20:00:00,0.0,0.0,3.74,3.74
7,2025-05-08 21:00:00,0.0,0.0,5.46,5.46
7,2025-05-08 22:00:00,0.0,0.0,5.44,5.44
7,2025-05-08 23:00:00,0.0,0.0,1.88,1.88
7,2025-05-09 00:00:00,0.0,0.0,0.9,0.9
7,2025-05-09 01:00:00,0.0,0.0,0.37,0.37
7,2025-05-09 02:00:00,0.0,0.0,1.67,1.67
7,2025-05-09 03:00:00,0.0,0.0,0.33,0.33
7,2025-05-09 04:00:00,0.0,0.0,0.44,0.44
7,2025-05-09 05:00:00,0.0,0.0,0.98,0.98
7,2025-05-09 06:00:00,0.0,0.0,4.64,4.64
7,2025-05-09 07:00:00,1.73,0.0,4.34,2.61
7,2025-05-09 08:00:00,3.8,0.0,5.16,1.35
7,2025-05-09 09:00:00,5.71,0.0,5.72,0.02
7,2025-05-09 10:00:00,6.64,0.0,2.37,0.0
7,2025-05-09 11:00:00,7.33,0.0,1.44,0.0
7,2025-05-09 12:00:00,8.9,0.0,1.33,0.0
7,2025-05-09 13:00:00,7.92,0.0,1.2,0.0
7,2025-05-09 14:00:00,6.45,0.0,1.14,0.0
7,2025-05-09 15:00:00,6.15,0.0,1.21,0.0
7,2025-05-09 16:00:00,3.97,0.0,1.84,0.0
7,2025-05-09 17:00:00,2.5,0.0,0.93,0.0
7,2025-05-09 18:00:00,0.0,0.0,3.81,3.81
7,2025-05-09 19:00:00,0.0,0.0,3.21,3.21
7,2025-05-09 20:00:00,0.0,0.0,5.78,5.78
7,2025-05-09 21:00:00,0.0,0.0,5.62,5.62
7,2025-05-09 22:00:00,0.0,0.0,4.27,4.27
7,2025-05-09 23:00:00,0.0,0.0,0.49,0.49
7,2025-05-10 00:00:00,0.0,0.0,1.66,1.66
7,2025-05-10 01:00:00,0.0,0.0,1.01,1.01
7,2025-05-10 02:00:00,0.0,0.0,0.37,0.37
7,2025-05-10 03:00:00,0.0,0.0,0.71,0.71
7,2025-05-10 04:00:00,0.0,0.0,1.66,1.66
7,2025-05-10 05:00:00,0.0,0.0,0.82,0.82
7,2025-05-10 06:00:00,0.19,0.0,5.48,5.28
7,2025-05-10 07:00:00,3.14,0.0,3.97,0.83
7,2025-05-10 08:00:00,3.95,0.0,5.13,1.18
7,2025-05-10 09:00:00,5.37,0.0,3.12,0.0
7,2025-05-10 10:00:00,6.88,0.0,1.88,0.0
7,2025-05-10 11:00:00,7.38,0.0,1.92,0.0
7,2025-05-10 12:00:00,7.77,0.0,1.62,0.0
7,2025-05-10 13:00:00,8.1,0.0,2.14,0.0
7,2025-05-10 14:00:00,7.67,0.0,1.13,0.0
7,2025-05-10 15:00:00,5.25,0.0,1.54,0.0
7,2025-05-10 16:00:00,3.13,0.0,1.86,0.0
7,2025-05-10 17:00:00,1.73,0.0,1.97,0.24
7,2025-05-10 18:00:00,0.4,0.0,4.36,3.96
7,2025-05-10 19:00:00,0.0,0.0,4.62,4.62
7,2025-05-10 20:00:00,0.0,0.0,4.39,4.39
7,2025-05-10 21:00:00,0.0,0.0,4.46,4.46
7,2025-05-10 22:00:00,0.0,0.0,4.16,4.16
7,2025-05-10 23:00:00,0.0,0.0,1.6,1.6
7,2025-05-11 00:00:00,0.0,0.0,1.08,1.08
7,2025-05-11 01:00:00,0.0,0.0,1.22,1.22
7,2025-05-11 02:00:00,0.0,0.0,1.74,1.74
7,2025-05-11 03:00:00,0.0,0.0,1.89,1.89
7,2025-05-11 04:00:00,0.0,0.0,1.54,1.54
7,2025-05-11 05:00:00,0.0,0.0,0.67,0.67
7,2025-05-11 06:00:00,0.11,0.0,3.13,3.02
7,2025-05-11 07:00:00,1.88,0.0,4.99,3.11
7,2025-05-11 08:00:00,3.63,0.0,4.24,0.61
7,2025-05-11 09:00:00,4.68,0.0,4.07,0.0
7,2025-05-11 10:00:00,7.13,0.0,2.34,0.0
7,2025-05-11 11:00:00,7.93,0.0,2.85,0.0
7,2025-05-11 12:00:00,8.62,0.0,1.22,0.0
7,2025-05-11 13:00:00,7.82,0.0,1.23,0.0
7,2025-05-11 14:00:00,7.19,0.0,2.84,0.0
7,2025-05-11 15:00:00,5.16,0.0,2.39,0.0
7,2025-05-11 16:00:00,4.06,0.0,1.72,0.0
7,2025-05-11 17:00:00,2.47,0.0,1.02,0.0
7,2025-05-11 18:00:00,0.31,0.0,3.39,3.08
7,2025-05-11 19:00:00,0.0,0.0,4.83,4.83
7,2025-05-11 20:00:00,0.0,0.0,3.15,3.15
7,2025-05-11 21:00:00,0.0,0.0,4.49,4.49
7,2025-05-11 22:00:00,0.0,0.0,3.21,3.21
7,2025-05-11 23:00:00,0.0,0.0,1.33,1.33
7,2025-05-12 00:00:00,0.0,0.0,1.23,1.23
7,2025-05-12 01:00:00,0.0,0.0,0.53,0.53
7,2025-05-12 02:00:00,0.0,0.0,0.79,0.79
7,2025-05-12 03:00:00,0.0,0.0,0.82,0.82
7,2025-05-12 04:00:00,0.0,0.0,0.35,0.35
7,2025-05-12 05:00:00,0.0,0.0,1.81,1.81
7,2025-05-12 06:00:00,0.0,0.0,3.75,3.75
7,2025-05-12 07:00:00,2.05,0.0,4.51,2.46
7,2025-05-12 08:00:00,2.87,0.0,4.91,2.04
7,2025-05-12 09:00:00,5.53,0.0,4.29,0.0
7,2025-05-12 10:00:00,7.07,0.0,2.18,0.0
7,2025-05-12 11:00:00,7.52,0.0,1.74,0.0
7,2025-05-12 12:00:00,8.03,0.0,2.82,0.0
7,2025-05-12 13:00:00,7.65,0.0,1.19,0.0
7,2025-05-12 14:00:00,6.61,0.0,1.92,0.0
7,2025-05-12 15:00:00,5.95,0.0,2.1,0.0
7,2025-05-12 16:00:00,3.26,0.0,1.33,0.0
7,2025-05-12 17:00:00,0.82,0.0,0.7,0.0
7,2025-05-12 18:00:00,0.0,0.0,3.16,3.16
7,2025-05-12 19:00:00,0.0,0.0,3.27,3.27
7,2025-05-12 20:00:00,0.0,0.0,5.96,5.96
7,2025-05-12 21:00:00,0.0,0.0,3.57,3.57
7,2025-05-12 22:00:00,0.0,0.0,3.69,3.69
7,2025-05-12 23:00:00,0.0,0.0,0.5,0.5
7,2025-05-13 00:00:00,0.0,0.0,1.52,1.52
7,2025-05-13 01:00:00,0.0,0.0,1.54,1.54
7,2025-05-13 02:00:00,0.0,0.0,0.75,0.75
7,2025-05-13 03:00:00,0.0,0.0,1.42,1.42
8,2025-05-06 04:00:00,0.0,42.29,0.37,0.0
8,2025-05-06 05:00:00,0.0,33.88,1.14,0.0
8,2025-05-06 06:00:00,0.03,5.22,3.9,0.0
8,2025-05-06 07:00:00,2.24,0.0,3.37,0.42
8,2025-05-06 08:00:00,2.8,0.0,4.74,1.94
8,2025-05-06 09:00:00,5.69,0.0,4.04,0.0
8,2025-05-06 10:00:00,7.0,0.0,1.4,0.0
8,2025-05-06 11:00:00,8.1,0.0,2.83,0.0
8,2025-05-06 12:00:00,7.67,0.0,2.99,0.0
8,2025-05-06 13:00:00,7.36,0.0,2.81,0.0
8,2025-05-06 14:00:00,7.79,0.0,1.22,0.0
8,2025-05-06 15:00:00,5.66,0.0,1.26,0.0
8,2025-05-06 16:00:00,4.7,0.0,2.04,0.0
8,2025-05-06 17:00:00,1.91,0.0,1.45,0.0
8,2025-05-06 18:00:00,0.0,0.0,3.51,3.51
8,2025-05-06 19:00:00,0.0,0.0,5.54,5.54
8,2025-05-06 20:00:00,0.0,0.0,4.94,4.94
8,2025-05-06 21:00:00,0.0,0.0,4.23,4.23
8,2025-05-06 22:00:00,0.0,0.0,4.16,4.16
8,2025-05-06 23:00:00,0.0,0.0,1.74,1.74
8,2025-05-07 00:00:00,0.0,0.0,1.91,1.91
8,2025-05-07 01:00:00,0.0,0.0,1.47,1.47
8,2025-05-07 02:00:00,0.0,0.0,0.59,0.59
8,2025-05-07 03:00:00,0.0,0.0,0.63,0.63
8,2025-05-07 04:00:00,0.0,0.0,1.05,1.05
8,2025-05-07 05:00:00,0.0,0.0,1.53,1.53
8,2025-05-07 06:00:00,0.16,0.0,3.13,2.97
8,2025-05-07 07:00:00,3.14,0.0,4.54,1.4
8,2025-05-07 08:00:00,3.91,0.0,5.07,1.16
8,2025-05-07 09:00:00,5.2,0.0,5.45,0.25
8,2025-05-07 10:00:00,7.27,0.0,2.64,0.0
8,2025-05-07 11:00:00,7.52,0.0,2.98,0.0
8,2025-05-07 12:00:00,7.92,0.0,1.27,0.0
8,2025-05-07 13:00:00,8.27,0.0,1.96,0.0
8,2025-05-07 14:00:00,6.2,0.0,2.53,0.0
8,2025-05-07 15:00:00,6.17,0.0,2.38,0.0
8,2025-05-07 16:00:00,3.97,0.0,1.89,0.0
8,2025-05-07 17:00:00,2.15,0.0,1.31,0.0
8,2025-05-07 18:00:00,0.0,0.0,5.79,5.79
8,2025-05-07 19:00:00,0.0,0.0,5.95,5.95
8,2025-05-07 20:00:00,0.0,0.0,3.22,3.22
8,2025-05-07 21:00:00,0.0,0.0,5.39,5.39
8,2025-05-07 22:00:00,0.0,0.0,3.37,3.37
8,2025-05-07 23:00:00,0.0,0.0,0.79,0.79
8,2025-05-08 00:00:00,0.0,0.0,0.7,0.7
8,2025-05-08 01:00:00,0.0,0.0,1.56,1.56
8,2025-05-08 02:00:00,0.0,0.0,1.22,1.22
8,2025-05-08 03:00:00,0.0,0.0,0.99,0.99
8,2025-05-08 04:00:00,0.0,0.0,0.99,0.99
8,2025-05-08 05:00:00,0.0,0.0,0.63,0.63
8,2025-05-08 06:00:00,0.0,0.0,5.01,5.01
8,2025-05-08 07:00:00,1.81,0.0,4.06,2.25
8,2025-05-08 08:00:00,3.77,0.0,5.91,2.15
8,2025-05-08 09:00:00,5.45,0.0,5.64,0.19
8,2025-05-08 10:00:00,7.14,0.0,1.54,0.0
8,2025-05-08 11:00:00,8.71,0.0,2.31,0.0
8,2025-05-08 12:00:00,8.3,0.0,2.47,0.0
8,2025-05-08 13:00:00,7.91,0.0,2.65,0.0
8,2025-05-08 14:00:00,7.62,0.0,2.01,0.0
8,2025-05-08 15:00:00,5.85,0.0,2.57,0.0
8,2025-05-08 16:00:00,2.34,0.0,2.25,0.0
8,2025-05-08 17:00:00,1.56,0.0,1.45,0.0
8,2025-05-08 18:00:00,0.85,0.0,4.36,3.51
8,2025-05-08 19:00:00,0.0,0.0,3.68,3.68
8,2025-05-08 20:00:00,0.0,0.0,4.03,4.03
8,2025-05-08 21:00:00,0.0,0.0,3.24,3.24
8,2025-05-08 22:00:00,0.0,0.0,3.16,3.16
8,2025-05-08 23:00:00,0.0,0.0,0.99,0.99
8,2025-05-09 00:00:00,0.0,0.0,0.37,0.37
8,2025-05-09 01:00:00,0.0,0.0,0.35,0.35
8,2025-05-09 02:00:00,0.0,0.0,0.8,0.8
8,2025-05-09 03:00:00,0.0,0.0,0.82,0.82
8,2025-05-09 04:00:00,0.0,0.0,1.84,1.84
8,2025-05-09 05:00:00,0.0,0.0,1.54,1.54
8,2025-05-09 06:00:00,0.14,0.0,4.44,4.3
8,2025-05-09 07:00:00,2.22,0.0,5.93,3.71
8,2025-05-09 08:00:00,3.58,0.0,4.65,1.07
8,2025-05-09 09:00:00,5.27,0.0,3.14,0.0
8,2025-05-09 10:00:00,7.17,0.0,1.1,0.0
8,2025-05-09 11:00:00,7.19,0.0,2.05,0.0
8,2025-05-09 12:00:00,7.49,0.0,2.23,0.0
8,2025-05-09 13:00:00,8.06,0.0,2.47,0.0
8,2025-05-09 14:00:00,7.86,0.0,2.85,0.0
8,2025-05-09 15:00:00,6.38,0.0,2.56,0.0
8,2025-05-09 16:00:00,4.82,0.0,1.21,0.0
8,2025-05-09 17:00:00,2.34,0.0,0.76,0.0
8,2025-05-09 18:00:00,0.08,0.0,3.84,3.76
8,2025-05-09 19:00:00,0.0,0.0,5.42,5.42
8,2025-05-09 20:00:00,0.0,0.0,4.35,4.35
8,2025-05-09 21:00:00,0.0,0.0,4.28,4.28
8,2025-05-09 22:00:00,0.0,0.0,3.77,3.77
8,2025-05-09 23:00:00,0.0,0.0,1.94,1.94
8,2025-05-10 00:00:00,0.0,0.0,0.89,0.89
8,2025-05-10 01:00:00,0.0,0.0,0.51,0.51
8,2025-05-10 02:00:00,0.0,0.0,1.61,1.61
8,2025-05-10 03:00:00,0.0,0.0,0.51,0.51
8,2025-05-10 04:00:00,0.0,0.0,0.63,0.63
8,2025-05-10 05:00:00,0.0,0.0,0.35,0.35
8,2025-05-10 06:00:00,0.7,0.0,4.15,3.45
8,2025-05-10 07:00:00,1.98,0.0,4.36,2.38
8,2025-05-10 08:00:00,4.26,0.0,4.81,0.55
8,2025-05-10 09:00:00,5.11,0.0,5.98,0.87
8,2025-05-10 10:00:00,7.28,0.0,2.06,0.0
8,2025-05-10 11:00:00,8.35,0.0,2.7,0.0
8,2025-05-10 12:00:00,7.34,0.0,1.64,0.0
8,2025-05-10 13:00:00,7.86,0.0,1.92,0.0
8,2025-05-10 14:00:00,7.24,0.0,2.31,0.0
8,2025-05-10 15:00:00,5.62,0.0,1.58,0.0
8,2025-05-10 16:00:00,4.53,0.0,2.94,0.0
8,2025-05-10 17:00:00,2.09,0.0,0.38,0.0
8,2025-05-10 18:00:00,0.4,0.0,4.95,4.55
8,2025-05-10 19:00:00,0.0,0.0,4.59,4.59
8,2025-05-10 20:00:00,0.0,0.0,3.87,3.87
8,2025-05-10 21:00:00,0.0,0.0,5.31,5.31
8,2025-05-10 22:00:00,0.0,0.0,3.38,3.38
8,2025-05-10 23:00:00,0.0,0.0,0.59,0.59
8,2025-05-11 00:00:00,0.0,0.0,1.62,1.62
8,2025-05-11 01:00:00,0.0,0.0,1.12,1.12
8,2025-05-11 02:00:00,0.0,0.0,1.95,1.95
8,2025-05-11 03:00:00,0.0,0.0,1.53,1.53
8,2025-05-11 04:00:00,0.0,0.0,0.72,0.72
8,2025-05-11 05:00:00,0.0,0.0,1.63,1.63
8,2025-05-11 06:00:00,0.01,0.0,4.13,4.12
8,2025-05-11 07:00:00,2.77,0.0,5.68,2.91
8,2025-05-11 08:00:00,3.9,0.0,4.94,1.05
8,2025-05-11 09:00:00,5.66,0.0,4.96,0.0
8,2025-05-11 10:00:00,6.43,0.0,1.37,0.0
8,2025-05-11 11:00:00,7.54,0.0,2.01,0.0
8,2025-05-11 12:00:00,8.25,0.0,1.66,0.0
8,2025-05-11 13:00:00,7.06,0.0,1.87,0.0
8,2025-05-11 14:00:00,6.45,0.0,1.49,0.0
8,2025-05-11 15:00:00,5.67,0.0,1.35,0.0
8,2025-05-11 16:00:00,3.82,0.0,1.89,0.0
8,2025-05-11 17:00:00,1.98,0.0,0.52,0.0
8,2025-05-11 18:00:00,0.0,0.0,4.78,4.78
8,2025-05-11 19:00:00,0.0,0.0,4.38,4.38
8,2025-05-11 20:00:00,0.0,0.0,6.0,6.0
8,2025-05-11 21:00:00,0.0,0.0,5.83,5.83
8,2025-05-11 22:00:00,0.0,0.0,5.72,5.72
8,2025-05-11 23:00:00,0.0,0.0,1.94,1.94
8,2025-05-12 00:00:00,0.0,0.0,0.54,0.54
8,2025-05-12 01:00:00,0.0,0.0,1.12,1.12
8,2025-05-12 02:00:00,0.0,0.0,1.22,1.22
8,2025-05-12 03:00:00,0.0,0.0,0.92,0.92
8,2025-05-12 04:00:00,0.0,0.0,1.79,1.79
8,2025-05-12 05:00:00,0.0,0.0,0.55,0.55
8,2025-05-12 06:00:00,0.0,0.0,3.06,3.06
8,2025-05-12 07:00:00,1.47,0.0,3.6,2.13
8,2025-05-12 08:00:00,3.85,0.0,5.46,1.61
8,2025-05-12 09:00:00,5.14,0.0,3.52,0.0
8,2025-05-12 10:00:00,6.42,0.0,1.92,0.0
8,2025-05-12 11:00:00,8.13,0.0,2.54,0.0
8,2025-05-12 12:00:00,7.4,0.0,2.38,0.0
8,2025-05-12 13:00:00,6.62,0.0,2.82,0.0
8,2025-05-12 14:00:00,6.99,0.0,2.04,0.0
8,2025-05-12 15:00:00,5.58,0.0,2.38,0.0
8,2025-05-12 16:00:00,3.77,0.0,2.27,0.0
8,2025-05-12 17:00:00,2.45,0.0,0.81,0.0
8,2025-05-12 18:00:00,0.0,0.0,5.58,5.58
8,2025-05-12 19:00:00,0.0,0.0,4.97,4.97
8,2025-05-12 20:00:00,0.0,0.0,3.71,3.71
8,2025-05-12 21:00:00,0.0,0.0,3.19,3.19
8,2025-05-12 22:00:00,0.0,0.0,5.62,5.62
8,2025-05-12 23:00:00,0.0,0.0,1.16,1.16
8,2025-05-13 00:00:00,0.0,0.0,0.32,0.32
8,2025-05-13 01:00:00,0.0,0.0,1.01,1.01
8,2025-05-13 02:00:00,0.0,0.0,0.7,0.7
8,2025-05-13 03:00:00,0.0,0.0,1.0,1.0
9,2025-05-06 04:00:00,0.0,40.2,1.46,0.0
9,2025-05-06 05:00:00,0.0,34.58,0.76,0.0
9,2025-05-06 06:00:00,0.16,6.25,3.98,0.0
9,2025-05-06 07:00:00,3.06,5.34,3.18,0.0
9,2025-05-06 08:00:00,3.9,0.0,4.64,0.03
9,2025-05-06 09:00:00,6.28,0.0,5.01,0.0
9,2025-05-06 10:00:00,7.53,0.0,1.55,0.0
9,2025-05-06 11:00:00,8.56,0.0,1.45,0.0
9,2025-05-06 12:00:00,7.71,0.0,2.42,0.0
9,2025-05-06 13:00:00,8.26,0.0,2.95,0.0
9,2025-05-06 14:00:00,7.31,0.0,1.79,0.0
9,2025-05-06 15:00:00,5.19,0.0,1.98,0.0
9,2025-05-06 16:00:00,4.67,0.0,1.54,0.0
9,2025-05-06 17:00:00,2.48,0.0,1.5,0.0
9,2025-05-06 18:00:00,0.0,0.0,5.77,5.77
9,2025-05-06 19:00:00,0.0,0.0,4.67,4.67
9,2025-05-06 20:00:00,0.0,0.0,5.37,5.37
9,2025-05-06 21:00:00,0.0,0.0,3.87,3.87
9,2025-05-06 22:00:00,0.0,0.0,4.81,4.81
9,2025-05-06 23:00:00,0.0,0.0,1.4,1.4
9,2025-05-07 00:00:00,0.0,0.0,0.95,0.95
9,2025-05-07 01:00:00,0.0,0.0,0.92,0.92
9,2025-05-07 02:00:00,0.0,0.0,0.63,0.63
9,2025-05-07 03:00:00,0.0,0.0,0.63,0.63
9,2025-05-07 04:00:00,0.0,0.0,0.72,0.72
9,2025-05-07 05:00:00,0.0,0.0,1.3,1.3
9,2025-05-07 06:00:00,0.0,0.0,3.36,3.36
9,2025-05-07 07:00:00,2.05,0.0,5.87,3.83
9,2025-05-07 08:00:00,3.22,0.0,3.16,0.0
9,2025-05-07 09:00:00,4.93,0.0,3.35,0.0
9,2025-05-07 10:00:00,6.85,0.0,2.93,0.0
9,2025-05-07 11:00:00,7.24,0.0,2.67,0.0
9,2025-05-07 12:00:00,7.85,0.0,1.08,0.0
9,2025-05-07 13:00:00,7.84,0.0,2.77,0.0
9,2025-05-07 14:00:00,6.89,0.0,2.79,0.0
9,2025-05-07 15:00:00,5.87,0.0,1.13,0.0
9,2025-05-07 16:00:00,3.81,0.0,1.76,0.0
9,2025-05-07 17:00:00,2.45,0.0,0.79,0.0
9,2025-05-07 18:00:00,0.0,0.0,4.55,4.55
9,2025-05-07 19:00:00,0.0,0.0,4.38,4.38
9,2025-05-07 20:00:00,0.0,0.0,5.26,5.26
9,2025-05-07 21:00:00,0.0,0.0,4.33,4.33
9,2025-05-07 22:00:00,0.0,0.0,3.28,3.28
9,2025-05-07 23:00:00,0.0,0.0,0.75,0.75
9,2025-05-08 00:00:00,0.0,0.0,1.21,1.21
9,2025-05-08 01:00:00,0.0,0.0,1.15,1.15
9,2025-05-08 02:00:00,0.0,0.0,1.38,1.38
9,2025-05-08 03:00:00,0.0,0.0,1.51,1.51
9,2025-05-08 04:00:00,0.0,0.0,1.36,1.36
9,2025-05-08 05:00:00,0.0,0.0,0.6,0.6
9,2025-05-08 06:00:00,0.0,0.0,3.28,3.28
9,2025-05-08 07:00:00,1.91,0.0,5.59,3.68
9,2025-05-08 08:00:00,4.25,0.0,5.96,1.71
9,2025-05-08 09:00:00,5.87,0.0,3.98,0.0
9,2025-05-08 10:00:00,7.27,0.0,2.27,0.0
9,2025-05-08 11:00:00,6.64,0.0,2.41,0.0
9,2025-05-08 12:00:00,8.04,0.0,1.22,0.0
9,2025-05-08 13:00:00,7.0,0.0,1.81,0.0
9,2025-05-08 14:00:00,6.57,0.0,1.13,0.0
9,2025-05-08 15:00:00,5.52,0.0,2.54,0.0
9,2025-05-08 16:00:00,4.43,0.0,1.91,0.0
9,2025-05-08 17:00:00,2.62,0.0,1.32,0.0
9,2025-05-08 18:00:00,0.0,0.0,3.51,3.51
9,2025-05-08 19:00:00,0.0,0.0,5.07,5.07
9,2025-05-08 20:00:00,0.0,0.0,4.92,4.92
9,2025-05-08 21:00:00,0.0,0.0,5.64,5.64
9,2025-05-08 22:00:00,0.0,0.0,5.9,5.9
9,2025-05-08 23:00:00,0.0,0.0,0.42,0.42
9,2025-05-09 00:00:00,0.0,0.0,0.85,0.85
9,2025-05-09 01:00:00,0.0,0.0,1.49,1.49
9,2025-05-09 02:00:00,0.0,0.0,0.31,0.31
9,2025-05-09 03:00:00,0.0,0.0,1.67,1.67
9,2025-05-09 04:00:00,0.0,0.0,1.74,1.74
9,2025-05-09 05:00:00,0.0,0.0,0.99,0.99
9,2025-05-09 06:00:00,0.35,0.0,3.52,3.17
9,2025-05-09 07:00:00,2.02,0.0,5.92,3.9
9,2025-05-09 08:00:00,4.78,0.0,4.94,0.16
9,2025-05-09 09:00:00,6.2,0.0,3.46,0.0
9,2025-05-09 10:00:00,6.78,0.0,1.23,0.0
9,2025-05-09 11:00:00,7.87,0.0,1.06,0.0
9,2025-05-09 12:00:00,8.46,0.0,2.97,0.0
9,2025-05-09 13:00:00,7.87,0.0,2.56,0.0
9,2025-05-09 14:00:00,7.45,0.0,2.03,0.0
9,2025-05-09 15:00:00,6.14,0.0,2.02,0.0
9,2025-05-09 16:00:00,3.96,0.0,2.86,0.0
9,2025-05-09 17:00:00,3.38,0.0,1.6,0.0
9,2025-05-09 18:00:00,0.0,0.0,3.49,3.49
9,2025-05-09 19:00:00,0.0,0.0,5.48,5.48
9,2025-05-09 20:00:00,0.0,0.0,3.7,3.7
9,2025-05-09 21:00:00,0.0,0.0,4.06,4.06
9,2025-05-09 22:00:00,0.0,0.0,5.15,5.15
9,2025-05-09 23:00:00,0.0,0.0,0.52,0.52
9,2025-05-10 00:00:00,0.0,0.0,0.36,0.36
9,2025-05-10 01:00:00,0.0,0.0,1.56,1.56
9,2025-05-10 02:00:00,0.0,0.0,1.6,1.6
9,2025-05-10 03:00:00,0.0,0.0,1.36,1.36
9,2025-05-10 04:00:00,0.0,0.0,0.64,0.64
9,2025-05-10 05:00:00,0.0,0.0,1.51,1.51
9,2025-05-10 06:00:00,0.0,0.0,4.62,4.62
9,2025-05-10 07:00:00,2.39,0.0,4.75,2.36
9,2025-05-10 08:00:00,4.38,0.0,4.66,0.28
9,2025-05-10 09:00:00,6.44,0.0,5.26,0.0
9,2025-05-10 10:00:00,6.38,0.0,1.03,0.0
9,2025-05-10 11:00:00,8.06,0.0,2.71,0.0
9,2025-05-10 12:00:00,7.88,0.0,1.35,0.0
9,2025-05-10 13:00:00,7.32,0.0,1.86,0.0
9,2025-05-10 14:00:00,6.88,0.0,2.65,0.0
9,2025-05-10 15:00:00,5.16,0.0,2.06,0.0
9,2025-05-10 16:00:00,4.4,0.0,2.4,0.0
9,2025-05-10 17:00:00,2.22,0.0,1.07,0.0
9,2025-05-10 18:00:00,0.43,0.0,3.24,2.82
9,2025-05-10 19:00:00,0.0,0.0,4.43,4.43
9,2025-05-10 20:00:00,0.0,0.0,5.61,5.61
9,2025-05-10 21:00:00,0.0,0.0,4.66,4.66
9,2025-05-10 22:00:00,0.0,0.0,4.08,4.08
9,2025-05-10 23:00:00,0.0,0.0,0.98,0.98
9,2025-05-11 00:00:00,0.0,0.0,1.73,1.73
9,2025-05-11 01:00:00,0.0,0.0,1.07,1.07
9,2025-05-11 02:00:00,0.0,0.0,0.53,0.53
9,2025-05-11 03:00:00,0.0,0.0,1.7,1.7
9,2025-05-11 04:00:00,0.0,0.0,1.81,1.81
9,2025-05-11 05:00:00,0.0,0.0,0.88,0.88
9,2025-05-11 06:00:00,0.0,0.0,4.03,4.03
9,2025-05-11 07:00:00,2.49,0.0,5.71,3.22
9,2025-05-11 08:00:00,4.41,0.0,3.06,0.0
9,2025-05-11 09:00:00,6.13,0.0,3.89,0.0
9,2025-05-11 10:00:00,7.34,0.0,2.95,0.0
9,2025-05-11 11:00:00,7.03,0.0,1.2,0.0
9,2025-05-11 12:00:00,8.1,0.0,2.58,0.0
9,2025-05-11 13:00:00,7.85,0.0,2.59,0.0
9,2025-05-11 14:00:00,6.81,0.0,1.22,0.0
9,2025-05-11 15:00:00,5.76,0.0,1.47,0.0
9,2025-05-11 16:00:00,3.55,0.0,1.0,0.0
9,2025-05-11 17:00:00,2.29,0.0,1.65,0.0
9,2025-05-11 18:00:00,0.07,0.0,5.78,5.7
9,2025-05-11 19:00:00,0.0,0.0,3.92,3.92
9,2025-05-11 20:00:00,0.0,0.0,5.23,5.23
9,2025-05-11 21:00:00,0.0,0.0,3.33,3.33
9,2025-05-11 22:00:00,0.0,0.0,5.22,5.22
9,2025-05-11 23:00:00,0.0,0.0,0.97,0.97
9,2025-05-12 00:00:00,0.0,0.0,0.6,0.6
9,2025-05-12 01:00:00,0.0,0.0,0.93,0.93
9,2025-05-12 02:00:00,0.0,0.0,0.55,0.55
9,2025-05-12 03:00:00,0.0,0.0,1.41,1.41
9,2025-05-12 04:00:00,0.0,0.0,0.44,0.44
9,2025-05-12 05:00:00,0.0,0.0,0.59,0.59
9,2025-05-12 06:00:00,0.01,0.0,4.06,4.05
9,2025-05-12 07:00:00,2.48,0.0,3.16,0.68
9,2025-05-12 08:00:00,5.08,0.0,5.09,0.01
9,2025-05-12 09:00:00,6.04,0.0,5.92,0.0
9,2025-05-12 10:00:00,6.61,0.0,1.27,0.0
9,2025-05-12 11:00:00,7.74,0.0,1.47,0.0
9,2025-05-12 12:00:00,7.91,0.0,2.22,0.0
9,2025-05-12 13:00:00,9.11,0.0,1.39,0.0
9,2025-05-12 14:00:00,7.09,0.0,1.8,0.0
9,2025-05-12 15:00:00,5.92,0.0,2.59,0.0
9,2025-05-12 16:00:00,4.07,0.0,1.45,0.0
9,2025-05-12 17:00:00,1.69,0.0,1.91,0.21
9,2025-05-12 18:00:00,0.0,0.0,3.74,3.74
9,2025-05-12 19:00:00,0.0,0.0,5.93,5.93
9,2025-05-12 20:00:00,0.0,0.0,3.8,3.8
9,2025-05-12 21:00:00,0.0,0.0,5.66,5.66
9,2025-05-12 22:00:00,0.0,0.0,3.38,3.38
9,2025-05-12 23:00:00,0.0,0.0,1.1,1.1
9,2025-05-13 00:00:00,0.0,0.0,0.99,0.99
9,2025-05-13 01:00:00,0.0,0.0,0.68,0.68
9,2025-05-13 02:00:00,0.0,0.0,1.84,1.84
9,2025-05-13 03:00:00,0.0,0.0,1.44,1.44
10,2025-05-06 04:00:00,0.0,12.34,1.84,0.0
10,2025-05-06 05:00:00,0.0,5.86,0.87,0.0
10,2025-05-06 06:00:00,0.49,0.0,4.21,2.93
10,2025-05-06 07:00:00,1.58,0.0,3.89,2.32
10,2025-05-06 08:00:00,4.36,0.0,4.56,0.2
10,2025-05-06 09:00:00,5.98,0.0,4.05,0.0
10,2025-05-06 10:00:00,6.28,0.0,1.23,0.0
10,2025-05-06 11:00:00,7.55,0.0,2.63,0.0
10,2025-05-06 12:00:00,7.45,0.0,1.45,0.0
10,2025-05-06 13:00:00,8.28,0.0,2.01,0.0
10,2025-05-06 14:00:00,6.59,0.0,1.07,0.0
10,2025-05-06 15:00:00,6.38,0.0,1.57,0.0
10,2025-05-06 16:00:00,4.27,0.0,2.02,0.0
10,2025-05-06 17:00:00,2.73,0.0,1.4,0.0
10,2025-05-06 18:00:00,0.0,0.0,4.89,4.89
10,2025-05-06 19:00:00,0.0,0.0,3.83,3.83
10,2025-05-06 20:00:00,0.0,0.0,5.45,5.45
10,2025-05-06 21:00:00,0.0,0.0,5.87,5.87
10,2025-05-06 22:00:00,0.0,0.0,5.72,5.72
10,2025-05-06 23:00:00,0.0,0.0,1.43,1.43
10,2025-05-07 00:00:00,0.0,0.0,0.36,0.36
10,2025-05-07 01:00:00,0.0,0.0,1.15,1.15
10,2025-05-07 02:00:00,0.0,0.0,1.78,1.78
10,2025-05-07 03:00:00,0.0,0.0,0.92,0.92
10,2025-05-07 04:00:00,0.0,0.0,0.42,0.42
10,2025-05-07 05:00:00,0.0,0.0,0.76,0.76
10,2025-05-07 06:00:00,0.03,0.0,3.17,3.14
10,2025-05-07 07:00:00,1.41,0.0,3.99,2.58
10,2025-05-07 08:00:00,3.65,0.0,4.73,1.08
10,2025-05-07 09:00:00,4.78,0.0,4.06,0.0
10,2025-05-07 10:00:00,7.48,0.0,1.02,0.0
10,2025-05-07 11:00:00,7.64,0.0,2.86,0.0
10,2025-05-07 12:00:00,8.55,0.0,1.28,0.0
10,2025-05-07 13:00:00,7.86,0.0,2.51,0.0
10,2025-05-07 14:00:00,6.43,0.0,2.09,0.0
10,2025-05-07 15:00:00,5.54,0.0,1.47,0.0
10,2025-05-07 16:00:00,3.87,0.0,2.76,0.0
10,2025-05-07 17:00:00,2.55,0.0,0.9,0.0
10,2025-05-07 18:00:00,0.34,0.0,5.36,5.02
10,2025-05-07 19:00:00,0.0,0.0,5.58,5.58
10,2025-05-07 20:00:00,0.0,0.0,4.17,4.17
10,2025-05-07 21:00:00,0.0,0.0,5.22,5.22
10,2025-05-07 22:00:00,0.0,0.0,5.53,5.53
10,2025-05-07 23:00:00,0.0,0.0,0.61,0.61
10,2025-05-08 00:00:00,0.0,0.0,0.51,0.51
10,2025-05-08 01:00:00,0.0,0.0,0.93,0.93
10,2025-05-08 02:00:00,0.0,0.0,0.48,0.48
10,2025-05-08 03:00:00,0.0,0.0,1.77,1.77
10,2025-05-08 04:00:00,0.0,0.0,0.66,0.66
10,2025-05-08 05:00:00,0.0,0.0,1.08,1.08
10,2025-05-08 06:00:00,0.0,0.0,3.53,3.53
10,2025-05-08 07:00:00,2.02,0.0,5.78,3.77
10,2025-05-08 08:00:00,3.96,0.0,4.3,0.34
10,2025-05-08 09:00:00,5.49,0.0,4.98,0.0
10,2025-05-08 10:00:00,6.85,0.0,2.99,0.0
10,2025-05-08 11:00:00,7.36,0.0,1.5,0.0
10,2025-05-08 12:00:00,7.69,0.0,1.33,0.0
10,2025-05-08 13:00:00,7.96,0.0,1.97,0.0
10,2025-05-08 14:00:00,7.61,0.0,1.86,0.0
10,2025-05-08 15:00:00,5.63,0.0,2.35,0.0
10,2025-05-08 16:00:00,5.65,0.0,2.47,0.0
10,2025-05-08 17:00:00,1.16,0.0,1.45,0.3
10,2025-05-08 18:00:00,0.18,0.0,3.07,2.89
10,2025-05-08 19:00:00,0.0,0.0,3.85,3.85
10,2025-05-08 20:00:00,0.0,0.0,3.54,3.54
10,2025-05-08 21:00:00,0.0,0.0,3.33,3.33
10,2025-05-08 22:00:00,0.0,0.0,3.27,3.27
10,2025-05-08 23:00:00,0.0,0.0,0.5,0.5
10,2025-05-09 00:00:00,0.0,0.0,1.89,1.89
10,2025-05-09 01:00:00,0.0,0.0,1.97,1.97
10,2025-05-09 02:00:00,0.0,0.0,1.04,1.04
10,2025-05-09 03:00:00,0.0,0.0,1.5,1.5
10,2025-05-09 04:00:00,0.0,0.0,1.16,1.16
10,2025-05-09 05:00:00,0.0,0.0,1.07,1.07
10,2025-05-09 06:00:00,0.0,0.0,5.86,5.86
10,2025-05-09 07:00:00,0.81,0.0,5.29,4.48
10,2025-05-09 08:00:00,5.05,0.0,3.35,0.0
10,2025-05-09 09:00:00,5.74,0.0,5.64,0.0
10,2025-05-09 10:00:00,6.71,0.0,2.32,0.0
10,2025-05-09 11:00:00,7.25,0.0,1.21,0.0
10,2025-05-09 12:00:00,7.35,0.0,2.03,0.0
10,2025-05-09 13:00:00,8.82,0.0,2.94,0.0
10,2025-05-09 14:00:00,6.3,0.0,2.95,0.0
10,2025-05-09 15:00:00,5.15,0.0,2.14,0.0
10,2025-05-09 16:00:00,4.1,0.0,2.06,0.0
10,2025-05-09 17:00:00,2.13,0.0,0.94,0.0
10,2025-05-09 18:00:00,0.0,0.0,3.08,3.08
10,2025-05-09 19:00:00,0.0,0.0,3.66,3.66
10,2025-05-09 20:00:00,0.0,0.0,5.92,5.92
10,2025-05-09 21:00:00,0.0,0.0,3.6,3.6
10,2025-05-09 22:00:00,0.0,0.0,3.5,3.5
10,2025-05-09 23:00:00,0.0,0.0,0.73,0.73
10,2025-05-10 00:00:00,0.0,0.0,0.91,0.91
10,2025-05-10 01:00:00,0.0,0.0,0.81,0.81
10,2025-05-10 02:00:00,0.0,0.0,1.97,1.97
10,2025-05-10 03:00:00,0.0,0.0,1.5,1.5
10,2025-05-10 04:00:00,0.0,0.0,0.34,0.34
10,2025-05-10 05:00:00,0.0,0.0,0.56,0.56
10,2025-05-10 06:00:00,0.33,0.0,4.99,4.67
10,2025-05-10 07:00:00,2.54,0.0,4.49,1.95
10,2025-05-10 08:00:00,4.48,0.0,4.07,0.0
10,2025-05-10 09:00:00,5.98,0.0,5.29,0.0
10,2025-05-10 10:00:00,6.63,0.0,1.44,0.0
10,2025-05-10 11:00:00,7.77,0.0,1.27,0.0
10,2025-05-10 12:00:00,8.06,0.0,1.51,0.0
10,2025-05-10 13:00:00,7.7,0.0,2.34,0.0
10,2025-05-10 14:00:00,7.18,0.0,1.17,0.0
10,2025-05-10 15:00:00,5.58,0.0,2.75,0.0
10,2025-05-10 16:00:00,4.2,0.0,2.3,0.0
10,2025-05-10 17:00:00,1.84,0.0,1.32,0.0
10,2025-05-10 18:00:00,0.34,0.0,5.63,5.29
10,2025-05-10 19:00:00,0.0,0.0,5.98,5.98
10,2025-05-10 20:00:00,0.0,0.0,3.77,3.77
10,2025-05-10 21:00:00,0.0,0.0,5.28,5.28
10,2025-05-10 22:00:00,0.0,0.0,3.47,3.47
10,2025-05-10 23:00:00,0.0,0.0,1.91,1.91
10,2025-05-11 00:00:00,0.0,0.0,1.89,1.89
10,2025-05-11 01:00:00,0.0,0.0,0.56,0.56
10,2025-05-11 02:00:00,0.0,0.0,0.88,0.88
10,2025-05-11 03:00:00,0.0,0.0,1.0,1.0
10,2025-05-11 04:00:00,0.0,0.0,1.25,1.25
10,2025-05-11 05:00:00,0.0,0.0,0.58,0.58
10,2025-05-11 06:00:00,0.0,0.0,3.35,3.35
10,2025-05-11 07:00:00,1.11,0.0,3.48,2.37
10,2025-05-11 08:00:00,3.87,0.0,5.91,2.04
10,2025-05-11 09:00:00,5.83,0.0,5.63,0.0
10,2025-05-11 10:00:00,6.43,0.0,1.32,0.0
10,2025-05-11 11:00:00,6.93,0.0,2.77,0.0
10,2025-05-11 12:00:00,8.53,0.0,2.73,0.0
10,2025-05-11 13:00:00,7.0,0.0,1.63,0.0
10,2025-05-11 14:00:00,5.5,0.0,2.94,0.0
10,2025-05-11 15:00:00,5.46,0.0,1.24,0.0
10,2025-05-11 16:00:00,3.91,0.0,2.76,0.0
10,2025-05-11 17:00:00,1.92,0.0,0.67,0.0
10,2025-05-11 18:00:00,0.0,0.0,5.82,5.82
10,2025-05-11 19:00:00,0.0,0.0,3.74,3.74
10,2025-05-11 20:00:00,0.0,0.0,5.44,5.44
10,2025-05-11 21:00:00,0.0,0.0,5.82,5.82
10,2025-05-11 22:00:00,0.0,0.0,3.66,3.66
10,2025-05-11 23:00:00,0.0,0.0,1.02,1.02
10,2025-05-12 00:00:00,0.0,0.0,1.32,1.32
10,2025-05-12 01:00:00,0.0,0.0,1.28,1.28
10,2025-05-12 02:00:00,0.0,0.0,2.0,2.0
10,2025-05-12 03:00:00,0.0,0.0,1.33,1.33
10,2025-05-12 04:00:00,0.0,0.0,0.76,0.76
10,2025-05-12 05:00:00,0.0,0.0,0.89,0.89
10,2025-05-12 06:00:00,0.0,0.0,3.92,3.92
10,2025-05-12 07:00:00,1.85,0.0,4.62,2.76
10,2025-05-12 08:00:00,3.8,0.0,3.17,0.0
10,2025-05-12 09:00:00,5.75,0.0,5.9,0.16
10,2025-05-12 10:00:00,6.56,0.0,1.8,0.0
10,2025-05-12 11:00:00,7.55,0.0,1.03,0.0
10,2025-05-12 12:00:00,8.62,0.0,2.21,0.0
10,2025-05-12 13:00:00,8.41,0.0,2.68,0.0
10,2025-05-12 14:00:00,7.03,0.0,2.57,0.0
10,2025-05-12 15:00:00,4.94,0.0,2.88,0.0
10,2025-05-12 16:00:00,4.64,0.0,1.76,0.0
10,2025-05-12 17:00:00,1.35,0.0,1.94,0.6
10,2025-05-12 18:00:00,0.0,0.0,4.88,4.88
10,2025-05-12 19:00:00,0.0,0.0,5.57,5.57
10,2025-05-12 20:00:00,0.0,0.0,5.52,5.52
10,2025-05-12 21:00:00,0.0,0.0,4.05,4.05
10,2025-05-12 22:00:00,0.0,0.0,5.17,5.17
10,2025-05-12 23:00:00,0.0,0.0,0.78,0.78
10,2025-05-13 00:00:00,0.0,0.0,0.75,0.75
10,2025-05-13 01:00:00,0.0,0.0,1.05,1.05
10,2025-05-13 02:00:00,0.0,0.0,1.37,1.37
10,2025-05-13 03:00:00,0.0,0.0,0.99,0.99
